Player,Pitches,Total,Pitch %,PA,AB,BIP,Hits,1B,2B,3B,HR,SO,K%,BB,BB%,Whiffs,Swings,BA,xBA,OBP,xOBP,SLG,xSLG,wOBA,xwOBA,Barrels,BABIP,ISO,Whiff%,EV (MPH),Adj. EV (MPH),LA (°),Dist (ft),Hard Hit%,Barrel/BBE%,Barrel/PA%
"Schwarber, Kyle",3378,3378,100.0,776,663,437,144,65,21,3,55,230,29.6,102,13.1,392,"1,355",.217,.238,.326,.343,.507,.539,.358,.378,84,.233,.290,28.9,93.0,94.0,19,171,53.5,19.2,10.8
"Hoskins, Rhys",3359,3359,100.0,785,694,498,163,87,35,2,39,200,25.5,80,10.2,361,"1,408",.235,.233,.318,.317,.460,.444,.337,.332,59,.270,.225,25.6,90.0,92.1,19,166,43.0,11.8,7.5
"Judge, Aaron",3210,3210,100.0,753,640,446,195,96,31,0,68,199,26.4,97,12.9,415,"1,380",.305,.299,.399,.397,.672,.697,.450,.457,118,.336,.367,30.1,95.9,94.2,15,171,61.4,26.5,15.7
"Profar, Jurickson",3095,3095,100.0,746,650,542,158,101,39,2,16,114,15.3,86,11.5,257,"1,370",.243,.249,.334,.339,.383,.355,.319,.314,20,.272,.140,18.8,86.8,91.3,13,148,31.9,3.7,2.7
"Soto, Juan",3076,3076,100.0,747,599,490,146,84,29,2,31,110,14.7,141,18.9,219,"1,099",.244,.272,.392,.414,.454,.509,.374,.403,61,.251,.210,19.9,91.2,93.4,9,155,47.6,12.4,8.2
"Olson, Matt",3055,3055,100.0,747,660,485,163,79,46,0,38,179,24.0,78,10.4,431,"1,510",.247,.247,.329,.331,.489,.467,.353,.348,63,.280,.242,28.5,92.7,92.8,16,170,48.5,13.0,8.4
"Lindor, Francisco",3009,3009,100.0,754,674,539,182,119,27,5,31,143,19.0,61,8.1,333,"1,426",.270,.255,.337,.326,.463,.431,.347,.333,51,.297,.193,23.4,89.6,92.2,14,158,41.9,9.5,6.8
"Nimmo, Brandon",2970,2970,100.0,717,618,497,168,113,30,8,17,127,17.7,77,10.7,252,"1,297",.272,.257,.366,.352,.429,.403,.351,.337,35,.317,.157,19.4,88.4,91.6,6,149,39.0,7.0,4.9
"Ramírez, José",2933,2933,100.0,735,668,581,187,102,48,5,32,97,13.2,51,6.9,220,"1,383",.280,.254,.332,.314,.510,.404,.360,.317,36,.282,.231,15.9,87.4,92.2,21,160,34.9,6.2,4.9
"Cronenworth, Jake",2923,2923,100.0,758,656,509,155,101,31,4,19,155,20.4,73,9.6,227,"1,225",.236,.218,.326,.310,.383,.348,.314,.297,27,.278,.146,18.5,86.8,91.1,18,167,32.4,5.3,3.6
"Turner, Trea",2890,2890,100.0,763,705,570,212,141,44,4,23,141,18.5,47,6.2,393,"1,486",.301,.277,.344,.326,.472,.438,.353,.337,42,.346,.172,26.4,88.9,92.1,11,154,40.5,7.4,5.5
"Swanson, Dansby",2888,2888,100.0,746,687,495,185,125,33,1,26,196,26.3,52,7.0,449,"1,440",.269,.253,.322,.310,.434,.454,.329,.333,51,.339,.164,31.2,90.2,91.9,16,160,44.0,10.3,6.8
"Freeman, Freddie",2882,2882,100.0,738,647,547,211,135,50,3,23,107,14.5,78,10.6,277,"1,424",.326,.312,.400,.390,.519,.538,.397,.403,53,.359,.193,19.5,91.5,91.9,14,169,47.0,9.7,7.2
"Semien, Marcus",2851,2851,100.0,761,691,576,170,103,35,5,27,125,16.4,56,7.4,276,"1,352",.246,.243,.302,.301,.428,.394,.316,.306,37,.260,.182,20.4,87.3,91.3,20,164,33.3,6.4,4.9
"Goldschmidt, Paul",2846,2846,100.0,685,591,448,190,108,42,0,40,148,21.6,81,11.8,321,"1,193",.321,.258,.406,.354,.596,.477,.427,.364,54,.368,.274,26.9,91.1,92.9,16,171,48.0,12.1,7.9
"Kwan, Steven",2832,2832,100.0,702,625,569,192,150,28,7,7,62,8.8,64,9.1,93,"1,089",.307,.267,.376,.343,.408,.339,.347,.310,7,.330,.101,8.5,84.5,90.2,11,155,19.2,1.2,1.0
"Yelich, Christian",2812,2812,100.0,700,605,439,153,108,27,4,14,169,24.1,87,12.4,315,"1,229",.253,.258,.351,.355,.380,.402,.327,.338,34,.328,.127,25.6,91.2,92.6,3,139,46.2,7.7,4.9
"Abreu, José",2801,2801,100.0,714,630,520,192,132,44,0,16,114,16.0,68,9.5,307,"1,324",.305,.296,.381,.370,.451,.486,.365,.373,47,.349,.146,23.2,92.2,92.9,8,155,49.2,9.0,6.6
"Bregman, Alex",2794,2794,100.0,738,623,544,163,91,46,0,26,89,12.1,93,12.6,181,"1,164",.262,.259,.363,.368,.461,.420,.359,.351,39,.264,.199,15.5,88.9,91.8,20,178,37.1,7.2,5.3
"Chapman, Matt",2779,2779,100.0,653,567,395,133,74,29,1,29,179,27.4,69,10.6,332,"1,162",.235,.233,.325,.329,.443,.437,.334,.340,51,.284,.208,28.6,92.2,93.0,20,163,50.9,12.9,7.8
"Suárez, Eugenio",2778,2778,100.0,683,591,384,139,76,27,2,34,212,31.0,79,11.6,392,"1,180",.235,.222,.331,.321,.460,.451,.344,.338,53,.300,.225,33.2,89.7,92.0,19,158,41.7,13.8,7.8
"Riley, Austin",2777,2777,100.0,744,660,481,176,94,40,2,40,183,24.6,62,8.3,406,"1,437",.267,.268,.344,.344,.515,.524,.370,.374,72,.308,.248,28.3,92.3,92.9,13,160,48.4,15.0,9.7
"Guerrero Jr., Vladimir",2763,2763,100.0,745,681,562,186,115,37,0,34,123,16.5,54,7.2,335,"1,385",.273,.280,.330,.338,.477,.461,.349,.349,62,.288,.204,24.2,93.1,94.1,4,139,50.7,11.0,8.3
"Bell, Josh",2749,2749,100.0,717,622,507,161,107,31,3,20,121,16.9,81,11.3,284,"1,261",.259,.270,.346,.359,.415,.424,.335,.346,38,.290,.156,22.5,89.3,92.2,9,139,40.2,7.5,5.3
"Santander, Anthony",2716,2716,100.0,676,603,477,143,82,27,0,34,131,19.4,55,8.1,276,"1,295",.237,.257,.312,.334,.451,.471,.332,.352,54,.246,.214,21.3,89.9,92.6,22,167,42.1,11.3,8.0
"Bichette, Bo",2714,2714,100.0,745,693,529,198,127,46,1,24,166,22.3,46,6.2,351,"1,515",.286,.277,.333,.322,.459,.443,.344,.334,50,.345,.173,23.2,91.9,92.4,8,167,49.7,9.5,6.7
"McMahon, Ryan",2695,2695,100.0,636,563,406,139,91,25,3,20,161,25.3,64,10.1,335,"1,222",.247,.247,.327,.329,.409,.423,.324,.330,40,.308,.162,27.4,91.5,92.1,10,169,46.1,9.9,6.3
"Alonso, Pete",2683,2683,100.0,718,637,507,172,99,31,0,42,139,19.4,60,8.4,325,"1,344",.270,.264,.340,.333,.516,.491,.367,.356,63,.280,.246,24.2,90.1,93.0,18,163,45.0,12.4,8.8
"Ohtani, Shohei",2655,2655,100.0,688,612,447,168,94,30,7,37,168,24.4,68,9.9,362,"1,291",.275,.275,.350,.344,.528,.549,.377,.383,74,.320,.253,28.0,92.7,92.8,12,164,48.3,16.6,10.8
"Walker, Christian",2651,2651,100.0,701,616,488,153,83,29,2,39,135,19.3,70,10.0,288,"1,192",.248,.257,.330,.341,.492,.484,.354,.359,60,.254,.244,24.2,90.4,92.9,17,166,44.5,12.3,8.6
"Crawford, J.P.",2644,2644,100.0,658,566,487,135,98,27,3,7,86,13.1,75,11.4,160,"1,095",.239,.255,.335,.352,.334,.340,.303,.317,11,.268,.095,14.6,84.7,90.9,9,143,28.5,2.3,1.7
"Realmuto, J.T.",2640,2640,100.0,674,606,460,167,105,31,5,26,151,22.4,49,7.3,333,"1,280",.276,.266,.341,.333,.472,.447,.353,.342,50,.325,.196,26.0,90.0,92.2,12,160,46.1,10.9,7.4
"Bohm, Alec",2640,2640,100.0,733,680,561,185,137,30,3,15,130,17.7,36,4.9,290,"1,360",.272,.287,.310,.325,.391,.428,.306,.329,36,.311,.119,21.3,90.1,91.9,10,155,42.4,6.4,4.9
"Machado, Manny",2638,2638,100.0,713,651,500,191,111,41,1,38,153,21.5,59,8.3,343,"1,352",.293,.260,.352,.323,.535,.442,.381,.334,49,.331,.241,25.4,91.9,92.9,16,168,48.0,9.8,6.9
"Cron, C.J.",2636,2636,100.0,660,606,437,159,94,32,3,30,174,26.4,39,5.9,310,"1,260",.262,.243,.314,.299,.474,.435,.340,.320,47,.317,.211,24.6,88.7,92.1,14,167,42.1,10.8,7.1
"Happ, Ian",2630,2630,100.0,662,594,444,159,96,43,2,18,154,23.3,58,8.8,350,"1,288",.268,.239,.337,.310,.438,.379,.338,.306,28,.331,.170,27.2,89.5,91.6,11,155,38.7,6.3,4.2
"Arozarena, Randy",2618,2618,100.0,681,621,460,166,100,43,3,20,163,23.9,47,6.9,351,"1,214",.267,.231,.329,.297,.443,.377,.337,.298,34,.332,.176,28.9,89.9,92.3,9,140,38.7,7.4,5.0
"García, Adolis",2613,2613,100.0,692,635,452,158,89,36,5,28,190,27.5,44,6.4,473,"1,401",.249,.244,.301,.294,.454,.447,.325,.322,55,.307,.205,33.8,91.9,92.6,13,163,45.1,12.2,7.9
"Muncy, Max",2609,2609,100.0,613,505,350,100,52,25,1,22,161,26.3,97,15.8,271,"1,007",.198,.207,.330,.339,.382,.418,.318,.338,47,.238,.184,26.9,90.1,92.2,21,170,45.1,13.4,7.7
"Kim, Ha-Seong",2608,2608,100.0,667,590,477,149,99,34,4,12,120,18.0,62,9.3,221,"1,119",.253,.243,.330,.319,.385,.356,.316,.303,19,.297,.132,19.7,86.0,91.3,16,155,30.0,4.0,2.8
"Rosario, Amed",2587,2587,100.0,736,700,573,193,143,26,9,15,131,17.8,26,3.5,316,"1,395",.276,.271,.306,.305,.403,.392,.308,.307,25,.319,.127,22.7,88.3,91.7,5,141,37.2,4.4,3.4
"Lowe, Nathaniel",2582,2582,100.0,675,625,469,190,131,27,3,29,156,23.1,46,6.8,339,"1,358",.304,.275,.356,.331,.496,.459,.369,.344,45,.366,.192,25.0,90.1,92.4,8,166,43.1,9.6,6.7
"Altuve, Jose",2578,2578,100.0,689,608,505,177,105,43,0,29,105,15.2,69,10.0,198,"1,168",.291,.262,.372,.349,.505,.425,.380,.343,36,.311,.214,17.0,84.6,91.1,16,139,28.3,7.1,5.2
"Betts, Mookie",2571,2571,100.0,681,610,502,161,82,41,3,35,113,16.6,58,8.5,190,"1,145",.264,.253,.333,.327,.513,.460,.363,.343,46,.270,.249,16.6,90.6,92.1,19,174,44.0,9.2,6.8
"Tucker, Kyle",2568,2568,100.0,687,617,505,155,92,29,1,33,115,16.7,62,9.0,282,"1,360",.251,.258,.320,.330,.462,.474,.339,.349,51,.258,.211,20.7,89.8,92.0,19,170,41.0,10.1,7.4
"Mancini, Trey",2557,2557,100.0,641,569,422,131,87,25,1,18,153,23.9,55,8.6,346,"1,241",.230,.243,.307,.322,.373,.407,.301,.324,39,.280,.142,27.9,89.3,91.9,13,158,38.4,9.2,6.1
"Mullins, Cedric",2553,2553,100.0,703,638,507,162,108,33,4,17,137,19.5,47,6.7,294,"1,311",.254,.232,.313,.295,.398,.349,.312,.288,24,.297,.144,22.4,87.3,91.5,16,157,36.5,4.7,3.4
"Bogaerts, Xander",2553,2553,100.0,654,580,465,174,119,40,0,15,122,18.7,56,8.6,289,"1,173",.300,.259,.369,.336,.447,.383,.357,.323,29,.353,.147,24.6,88.1,92.0,10,139,38.3,6.2,4.4
"Adames, Willy",2543,2543,100.0,652,600,424,141,75,33,0,33,180,27.6,47,7.2,370,"1,278",.235,.238,.290,.295,.455,.451,.321,.323,52,.276,.220,29.0,88.9,91.5,19,161,41.3,12.3,8.0
"Pham, Tommy",2541,2541,100.0,642,574,407,136,92,25,1,18,172,26.8,56,8.7,278,"1,076",.237,.238,.310,.315,.378,.383,.304,.311,32,.303,.141,25.8,92.2,92.7,8,154,47.2,7.9,5.0
"Verdugo, Alex",2538,2538,100.0,670,619,535,170,117,41,1,11,91,13.6,41,6.1,185,"1,163",.275,.278,.319,.325,.397,.428,.313,.329,31,.303,.123,15.9,89.1,91.6,8,155,36.6,5.8,4.6
"Torres, Gleyber",2534,2534,100.0,644,594,448,151,95,28,1,27,150,23.3,43,6.7,344,"1,262",.254,.240,.306,.293,.441,.430,.324,.314,47,.295,.187,27.3,90.3,91.9,17,170,44.9,10.5,7.3
"Arraez, Luis",2520,2520,100.0,638,579,535,186,142,34,2,8,47,7.4,53,8.3,84,"1,092",.321,.288,.379,.348,.428,.408,.356,.333,18,.338,.107,7.7,88.8,90.7,13,169,29.2,3.4,2.8
"Straw, Myles",2518,2518,100.0,660,597,510,133,105,25,3,0,93,14.1,56,8.5,127,"1,042",.223,.237,.289,.306,.275,.301,.256,.275,3,.262,.052,12.2,86.7,90.2,10,160,24.7,0.6,0.5
"Smith, Will",2510,2510,100.0,622,552,455,140,81,29,4,26,103,16.6,54,8.7,213,"1,082",.254,.257,.328,.334,.462,.472,.342,.350,44,.266,.208,19.7,90.0,91.9,19,191,41.8,9.7,7.1
"Grisham, Trent",2487,2487,100.0,608,526,361,99,59,17,2,21,175,28.8,63,10.4,260,978,.188,.206,.285,.302,.348,.371,.284,.301,30,.235,.160,26.6,84.8,91.6,12,151,33.5,8.3,4.9
"Flores, Wilmer",2482,2482,100.0,625,545,444,127,77,28,1,21,108,17.3,62,9.9,218,"1,133",.233,.233,.320,.321,.404,.370,.319,.310,27,.251,.171,19.2,87.8,91.4,21,166,34.2,6.1,4.3
"Correa, Carlos",2482,2482,100.0,608,542,419,159,107,26,1,25,127,20.9,59,9.7,244,"1,107",.293,.276,.363,.351,.483,.484,.368,.363,47,.340,.190,22.0,90.0,92.6,12,155,43.9,11.2,7.7
"Martinez, J.D.",2480,2480,100.0,634,570,417,154,94,43,1,16,159,25.1,52,8.2,401,"1,300",.270,.260,.333,.328,.433,.471,.334,.348,49,.344,.163,30.8,89.1,91.7,14,170,39.6,11.8,7.7
"Donaldson, Josh",2473,2473,100.0,612,535,371,120,72,30,0,18,170,27.8,63,10.3,393,"1,163",.224,.210,.312,.301,.381,.358,.307,.295,36,.289,.157,33.8,90.8,92.1,12,156,43.1,9.7,5.9
"Varsho, Daulton",2465,2465,100.0,629,564,418,131,74,24,3,30,153,24.3,50,7.9,310,"1,242",.232,.213,.300,.285,.445,.389,.323,.298,42,.262,.213,25.0,86.2,91.3,14,155,35.2,10.0,6.7
"Tellez, Rowdy",2463,2463,100.0,625,559,436,123,62,24,0,37,128,20.5,56,9.0,264,"1,088",.220,.252,.294,.327,.462,.479,.326,.349,53,.216,.242,24.3,90.9,92.7,15,163,43.3,12.2,8.5
"Alvarez, Yordan",2462,2462,100.0,634,542,421,158,82,32,2,42,128,20.2,76,12.0,257,"1,072",.292,.314,.383,.407,.590,.652,.413,.448,85,.306,.299,24.0,94.9,94.3,13,177,57.7,20.2,13.4
"Bellinger, Cody",2461,2461,100.0,594,547,381,112,63,27,3,19,172,29.0,39,6.6,359,"1,248",.205,.211,.258,.269,.369,.350,.273,.276,31,.257,.165,28.8,89.2,90.9,20,161,36.7,8.1,5.2
"Hernández, César",2450,2450,100.0,650,591,477,148,112,30,4,2,119,18.3,47,7.2,244,"1,163",.250,.248,.312,.312,.325,.329,.286,.290,12,.309,.074,21.0,83.2,90.6,8,138,29.1,2.5,1.8
"Arenado, Nolan",2442,2442,100.0,649,589,514,172,96,44,1,31,79,12.2,49,7.6,231,"1,186",.292,.267,.351,.332,.528,.451,.377,.341,43,.292,.236,19.5,88.8,92.5,21,163,39.3,8.4,6.6
"Edman, Tommy",2437,2437,100.0,660,607,493,156,107,32,4,13,116,17.6,45,6.8,235,"1,143",.257,.257,.314,.316,.387,.379,.309,.308,29,.299,.130,20.6,88.2,91.6,9,143,37.1,5.9,4.4
"Reynolds, Bryan",2436,2436,100.0,646,578,429,155,98,22,5,30,152,23.5,51,7.9,351,"1,245",.268,.249,.341,.328,.479,.416,.356,.329,35,.313,.211,28.2,90.3,92.0,12,155,42.7,8.2,5.4
"Mountcastle, Ryan",2432,2432,100.0,639,582,428,146,92,29,1,24,161,25.2,46,7.2,402,"1,359",.251,.277,.307,.331,.428,.509,.319,.362,62,.302,.177,29.6,91.2,91.7,16,172,44.4,14.5,9.7
"Murphy, Sean",2431,2431,100.0,645,567,444,147,82,43,2,20,129,20.0,58,9.0,283,"1,200",.259,.255,.339,.338,.448,.439,.343,.344,44,.300,.189,23.6,88.7,92.0,12,148,39.0,9.9,6.8
"McCutchen, Andrew",2424,2424,100.0,605,535,410,130,86,25,0,19,129,21.3,62,10.2,265,"1,088",.243,.252,.324,.328,.396,.406,.318,.325,34,.284,.153,24.4,89.1,91.9,13,154,38.8,8.3,5.6
"Drury, Brandon",2421,2421,100.0,621,566,427,151,83,35,2,31,143,23.0,42,6.8,248,"1,110",.267,.240,.325,.299,.500,.418,.355,.313,44,.303,.233,22.3,89.0,92.2,14,151,41.0,10.3,7.1
"Castellanos, Nick",2420,2420,100.0,654,615,461,159,111,34,0,14,156,23.9,33,5.0,446,"1,382",.259,.244,.300,.288,.382,.383,.299,.295,31,.324,.124,32.3,87.2,91.1,15,153,34.5,6.7,4.7
"Rizzo, Anthony",2419,2419,100.0,614,523,411,121,61,24,1,35,114,18.6,61,9.9,262,"1,117",.231,.238,.342,.346,.482,.448,.359,.350,44,.229,.250,23.5,89.3,92.4,19,163,40.6,10.7,7.2
"Ward, Taylor",2403,2403,100.0,605,533,411,150,98,24,2,26,127,21.0,63,10.4,220,"1,010",.281,.268,.359,.352,.480,.474,.364,.361,48,.322,.199,21.8,90.0,91.9,16,179,41.1,11.7,7.9
"Canha, Mark",2398,2398,100.0,585,504,404,130,91,25,0,14,104,17.8,49,8.4,223,"1,039",.258,.244,.354,.349,.391,.363,.333,.323,21,.297,.133,21.5,87.6,91.1,11,145,35.9,5.2,3.6
"Yastrzemski, Mike",2397,2397,100.0,578,500,362,108,55,31,3,19,145,25.1,66,11.4,233,"1,027",.216,.220,.310,.313,.404,.392,.314,.314,39,.260,.188,22.7,89.3,91.6,19,167,41.2,10.8,6.7
"Witt Jr., Bobby",2386,2386,100.0,664,623,490,163,100,34,6,23,138,20.8,30,4.5,310,"1,244",.262,.252,.300,.292,.446,.427,.322,.313,40,.300,.185,24.9,89.7,92.1,17,173,36.3,8.2,6.0
"France, Ty",2358,2358,100.0,672,611,512,164,114,28,1,21,104,15.5,33,4.9,247,"1,259",.268,.262,.326,.324,.421,.393,.328,.318,25,.291,.152,19.6,87.6,91.4,10,147,35.0,4.9,3.7
"Kirk, Alejandro",2353,2353,100.0,577,503,446,144,108,21,0,15,61,10.6,66,11.4,149,966,.286,.277,.371,.364,.417,.429,.349,.350,28,.299,.131,15.4,90.5,92.4,9,158,45.3,6.3,4.9
"Seager, Corey",2341,2341,100.0,690,625,521,151,90,24,1,36,110,15.9,52,7.5,340,"1,278",.242,.283,.304,.347,.456,.510,.329,.372,52,.237,.214,26.6,91.1,92.6,14,167,43.8,10.0,7.5
"Frazier, Adam",2341,2341,100.0,658,594,522,145,112,26,4,3,82,12.5,49,7.4,178,"1,158",.244,.262,.304,.322,.316,.340,.278,.297,7,.276,.072,15.4,84.6,90.1,13,152,23.4,1.3,1.1
"Devers, Rafael",2321,2321,100.0,636,582,465,174,97,43,1,33,121,19.0,43,6.8,359,"1,268",.299,.282,.352,.336,.546,.497,.385,.361,52,.326,.247,28.3,93.1,93.3,11,166,49.2,11.2,8.2
"Gurriel, Yuli",2320,2320,100.0,655,613,538,157,102,42,0,13,78,11.9,33,5.0,158,"1,135",.256,.245,.299,.288,.388,.325,.301,.274,12,.274,.132,13.9,88.1,91.3,14,157,34.0,2.2,1.8
"Voit, Luke",2317,2317,100.0,598,529,342,120,74,23,0,23,193,32.3,56,9.4,468,"1,219",.227,.222,.306,.304,.401,.434,.311,.322,48,.304,.174,38.4,89.8,91.9,19,157,42.7,14.0,8.0
"Winker, Jesse",2310,2310,100.0,583,486,376,102,72,16,0,14,113,19.4,89,15.3,207,"1,006",.210,.249,.336,.368,.329,.403,.305,.345,27,.243,.119,20.6,87.6,91.4,17,157,32.4,7.2,4.6
"Thomas, Lane",2310,2310,100.0,585,531,394,130,81,27,3,19,142,24.3,45,7.7,216,"1,017",.245,.222,.306,.286,.414,.357,.314,.286,25,.296,.169,21.2,86.3,91.3,13,146,33.8,6.3,4.3
"Wisdom, Patrick",2305,2305,100.0,563,495,304,103,47,29,0,27,194,34.5,56,9.9,408,"1,115",.208,.188,.299,.283,.430,.380,.319,.295,41,.275,.222,36.6,90.3,92.7,21,166,44.1,13.5,7.3
"Andrus, Elvis",2305,2305,100.0,609,567,467,142,89,34,1,18,100,16.4,39,6.4,235,"1,070",.250,.245,.302,.300,.409,.360,.311,.293,20,.276,.159,22.0,87.5,91.3,12,142,33.0,4.3,3.3
"Turner, Justin",2292,2292,100.0,581,513,427,137,86,37,0,14,95,16.4,53,9.1,219,"1,110",.267,.262,.337,.339,.421,.418,.331,.335,31,.298,.154,19.7,89.0,91.2,19,181,37.5,7.3,5.3
"Peña, Jeremy",2279,2279,100.0,640,599,451,159,103,26,2,28,155,24.2,25,3.9,381,"1,263",.265,.258,.299,.294,.456,.414,.325,.310,43,.311,.190,30.2,87.4,91.7,8,138,36.8,9.5,6.7
"Springer, George",2279,2279,100.0,613,541,440,149,95,23,4,27,106,17.3,55,9.0,326,"1,160",.275,.265,.348,.341,.482,.435,.360,.341,37,.295,.207,28.1,88.7,92.2,14,144,41.8,8.4,6.0
"Rodríguez, Julio",2278,2278,100.0,624,570,410,164,97,32,4,31,161,25.8,43,6.9,355,"1,148",.288,.253,.348,.316,.521,.457,.374,.337,52,.351,.233,30.9,92.2,93.4,11,149,48.3,12.7,8.3
"LeMahieu, DJ",2276,2276,100.0,574,497,427,131,98,20,0,13,73,12.7,70,12.2,140,906,.264,.274,.358,.369,.382,.403,.331,.344,23,.286,.119,15.5,88.9,91.9,3,159,41.5,5.4,4.0
"Stott, Bryson",2275,2275,100.0,556,503,398,119,81,25,2,11,107,19.2,50,9.0,178,"1,027",.237,.235,.306,.300,.360,.341,.296,.286,17,.280,.123,17.3,87.9,90.9,13,160,37.2,4.3,3.1
"Hayes, Ke'Bryan",2273,2273,100.0,572,517,394,127,93,24,3,7,125,21.9,48,8.4,204,981,.246,.246,.315,.318,.344,.350,.294,.300,15,.310,.099,20.8,91.2,92.5,6,154,47.0,3.8,2.6
"Brown, Seth",2271,2271,100.0,587,534,374,120,63,28,3,26,161,27.4,49,8.3,344,"1,119",.225,.251,.293,.320,.434,.454,.316,.338,46,.270,.210,30.7,89.0,92.3,16,160,39.3,12.3,7.8
"Díaz, Yandy",2256,2256,100.0,598,512,446,146,102,35,0,9,67,11.2,79,13.2,139,943,.285,.285,.386,.389,.406,.423,.354,.362,21,.314,.121,14.7,92.2,93.2,8,152,46.2,4.7,3.5
"Marte, Ketel",2254,2254,100.0,589,524,423,125,67,44,2,12,106,18.0,54,9.2,221,"1,049",.239,.251,.314,.329,.399,.377,.313,.315,24,.275,.160,21.1,90.0,92.7,13,150,40.9,5.7,4.1
"Giménez, Andrés",2252,2252,100.0,617,546,423,160,110,28,4,18,131,21.2,36,5.8,331,"1,220",.293,.253,.364,.326,.458,.390,.360,.320,24,.355,.165,27.1,85.5,91.2,11,142,35.9,5.7,3.9
"Vogelbach, Daniel",2245,2245,100.0,503,426,303,98,58,20,1,19,125,24.9,74,14.7,150,734,.230,.235,.344,.354,.415,.425,.336,.347,30,.278,.185,20.4,89.4,92.1,16,163,38.6,9.9,6.0
"Escobar, Eduardo",2237,2237,100.0,579,529,400,129,74,27,4,24,136,23.5,42,7.3,323,"1,171",.244,.242,.297,.296,.446,.427,.320,.315,39,.279,.202,27.6,88.1,91.3,20,169,37.8,9.8,6.7
"Melendez, MJ",2233,2233,100.0,552,477,349,107,63,22,3,19,135,24.5,67,12.1,275,998,.224,.237,.317,.333,.403,.410,.316,.332,36,.267,.178,27.6,90.8,92.1,15,160,42.1,10.3,6.5
"Acuña Jr., Ronald",2231,2231,100.0,549,485,356,130,89,26,0,15,132,24.0,50,9.1,269,"1,067",.268,.271,.348,.352,.414,.480,.337,.364,44,.337,.146,25.2,91.4,92.9,11,147,50.8,12.4,8.0
"Blackmon, Charlie",2228,2228,100.0,610,561,452,151,104,23,6,18,117,19.2,33,5.4,241,"1,139",.269,.256,.317,.303,.428,.376,.324,.301,21,.309,.159,21.2,85.5,90.9,11,153,30.3,4.6,3.4
"McNeil, Jeff",2224,2224,100.0,637,577,520,185,132,42,2,9,63,9.9,42,6.6,190,"1,191",.321,.282,.375,.340,.447,.392,.360,.324,15,.344,.127,16.0,87.0,90.7,12,153,31.2,2.9,2.4
"Hernández, Teoscar",2222,2222,100.0,572,533,371,140,75,37,1,27,163,28.5,35,6.1,380,"1,094",.263,.267,.311,.316,.488,.509,.344,.355,55,.328,.225,34.7,92.6,93.4,11,164,53.1,14.8,9.6
"Báez, Javier",2221,2221,100.0,625,589,439,139,87,31,4,17,153,24.5,25,4.0,445,"1,242",.236,.226,.275,.266,.389,.374,.289,.281,36,.289,.153,35.8,88.2,92.1,10,146,39.2,8.2,5.8
"Santana, Carlos",2211,2211,100.0,562,486,388,104,60,24,0,20,101,18.0,71,12.6,212,971,.214,.251,.315,.353,.387,.437,.312,.349,35,.228,.173,21.8,90.5,92.4,15,152,41.5,9.0,6.2
"Aguilar, Jesús",2204,2204,100.0,537,491,372,117,78,21,0,18,124,23.1,31,5.8,290,"1,081",.238,.240,.286,.286,.391,.393,.296,.298,26,.280,.153,26.8,87.8,91.4,19,161,37.1,7.0,4.8
"Farmer, Kyle",2200,2200,100.0,621,562,467,145,103,25,1,16,104,16.7,33,5.3,218,"1,122",.258,.258,.315,.320,.391,.380,.311,.311,19,.287,.133,19.4,85.3,90.8,12,151,31.3,4.1,3.1
"Rodgers, Brendan",2194,2194,100.0,612,554,453,149,98,34,3,14,106,17.3,49,8.0,249,"1,085",.269,.265,.330,.330,.417,.404,.327,.326,33,.308,.148,22.9,90.2,92.5,5,155,45.9,7.3,5.4
"Hicks, Aaron",2185,2185,100.0,490,419,305,90,69,11,2,8,119,24.3,62,12.7,233,904,.215,.220,.319,.330,.308,.337,.287,.304,17,.277,.093,25.8,87.1,91.0,14,148,31.8,5.6,3.5
"Perdomo, Geraldo",2174,2174,100.0,534,463,368,94,74,12,2,6,109,20.4,52,9.7,171,902,.203,.213,.289,.302,.276,.282,.260,.269,8,.251,.073,19.0,82.0,90.4,9,144,25.5,2.2,1.5
"Trout, Mike",2167,2167,100.0,515,456,314,128,58,28,2,40,144,28.0,51,9.9,285,945,.281,.265,.359,.343,.614,.583,.412,.395,60,.321,.333,30.2,91.6,92.7,25,183,49.7,19.1,11.7
"Vaughn, Andrew",2146,2146,100.0,581,533,437,148,101,28,1,18,101,17.4,34,5.9,213,"1,010",.278,.255,.329,.311,.435,.415,.333,.319,33,.310,.158,21.1,90.8,92.5,7,155,47.1,7.6,5.7
"Kiner-Falefa, Isiah",2132,2132,100.0,584,534,464,144,117,22,0,5,78,13.4,36,6.2,109,955,.270,.264,.320,.317,.339,.333,.294,.292,6,.305,.069,11.4,85.4,90.7,4,135,30.4,1.3,1.0
"Ozuna, Marcell",2129,2129,100.0,550,510,382,112,68,20,0,24,133,24.2,33,6.0,310,"1,060",.220,.252,.267,.298,.400,.473,.290,.332,47,.246,.180,29.2,89.4,92.4,17,158,41.4,12.3,8.5
"Hays, Austin",2128,2128,100.0,607,559,444,138,84,36,2,16,118,19.4,35,5.8,256,"1,091",.247,.240,.301,.298,.404,.372,.309,.298,22,.285,.157,23.5,87.4,91.7,11,147,36.9,5.0,3.6
"Wong, Kolten",2126,2126,100.0,529,459,368,117,72,25,4,16,98,18.5,48,9.1,203,926,.255,.235,.342,.324,.431,.353,.339,.305,19,.289,.176,21.9,86.0,91.0,13,149,33.7,5.2,3.6
"Kemp, Tony",2107,2107,100.0,594,532,462,129,88,30,3,8,78,13.1,46,7.7,146,"1,047",.242,.219,.311,.294,.355,.291,.296,.267,7,.269,.113,13.9,82.2,89.5,14,141,14.1,1.5,1.2
"Donovan, Brendan",2106,2106,100.0,509,430,355,118,89,22,1,6,78,15.3,62,12.2,124,816,.274,.265,.382,.378,.372,.365,.341,.338,11,.322,.098,15.2,87.7,91.2,6,152,36.9,3.1,2.2
"Grossman, Robbie",2105,2105,100.0,519,449,314,93,63,20,1,9,140,27.0,59,11.4,210,873,.207,.204,.304,.306,.316,.303,.282,.280,12,.275,.109,24.1,86.7,90.7,21,165,31.2,3.8,2.3
"Rojas, Josh",2102,2102,100.0,528,462,368,124,84,28,1,11,104,19.7,54,10.2,200,869,.268,.239,.344,.321,.405,.361,.330,.305,16,.321,.136,23.0,87.4,91.2,11,162,35.9,4.3,3.0
"Cruz, Nelson",2100,2100,100.0,544,483,356,110,81,17,0,12,130,23.9,51,9.4,343,"1,077",.228,.241,.305,.322,.337,.399,.288,.320,32,.285,.110,31.8,90.8,92.5,7,140,44.1,9.0,5.9
"Merrifield, Whit",2095,2095,100.0,586,535,455,137,92,31,2,12,88,15.0,42,7.2,207,"1,064",.256,.240,.307,.293,.389,.355,.304,.288,18,.282,.133,19.5,86.2,90.5,15,161,29.2,4.0,3.1
"Urshela, Gio",2091,2091,100.0,584,535,440,150,104,29,3,14,102,17.5,40,6.8,242,"1,118",.280,.268,.329,.321,.424,.416,.328,.323,29,.319,.144,21.6,88.9,91.3,12,162,36.4,6.6,5.0
"Renfroe, Hunter",2087,2087,100.0,550,500,376,127,74,23,1,29,129,23.5,41,7.5,274,"1,001",.254,.240,.314,.301,.478,.438,.342,.323,39,.284,.224,27.4,90.0,92.5,17,161,41.8,10.4,7.1
"Carlson, Dylan",2086,2086,100.0,518,458,364,109,65,31,4,9,99,19.1,48,9.3,245,963,.238,.234,.317,.316,.382,.354,.308,.302,18,.282,.144,25.4,85.8,90.7,13,162,27.5,4.9,3.5
"Marsh, Brandon",2084,2084,100.0,548,505,319,123,80,23,4,16,193,35.2,32,5.8,308,"1,007",.244,.217,.292,.273,.400,.362,.302,.281,24,.358,.156,30.6,87.8,91.5,10,163,37.0,7.5,4.4
"Taylor, Chris",2083,2083,100.0,489,431,265,95,53,28,3,11,172,35.2,46,9.4,414,"1,038",.220,.193,.301,.276,.376,.336,.298,.274,26,.331,.155,39.9,86.6,91.0,20,159,36.2,9.8,5.3
"Stanton, Giancarlo",2081,2081,100.0,517,457,306,98,52,10,0,36,155,30.0,55,10.6,318,887,.214,.241,.297,.324,.473,.472,.331,.349,57,.230,.258,35.9,95.3,94.7,10,153,53.9,18.6,11.0
"Grichuk, Randal",2065,2065,100.0,566,531,402,140,94,22,3,21,131,23.1,27,4.8,250,"1,035",.264,.229,.306,.271,.435,.370,.322,.281,28,.312,.171,24.2,90.0,92.8,9,156,42.8,7.0,4.9
"Espinal, Santiago",2052,2052,100.0,532,486,418,132,94,29,0,9,72,13.5,39,7.3,150,946,.272,.263,.328,.318,.387,.348,.315,.298,15,.301,.115,15.9,85.9,90.8,14,147,32.1,3.6,2.8
"Mateo, Jorge",2041,2041,100.0,557,515,371,117,66,29,7,15,149,26.8,29,5.2,344,"1,103",.227,.222,.275,.269,.398,.344,.293,.272,21,.289,.171,31.2,85.6,91.0,14,154,31.3,5.7,3.8
"Polanco, Jorge",2037,2037,100.0,482,407,305,90,56,17,0,17,106,22.0,68,14.1,224,862,.221,.248,.334,.360,.388,.451,.322,.358,30,.253,.167,26.0,88.0,91.8,21,169,37.0,9.8,6.2
"Marte, Starling",2036,2036,100.0,535,492,392,144,96,27,5,16,100,18.7,30,5.6,244,"1,014",.293,.273,.350,.329,.465,.423,.355,.333,25,.340,.173,24.1,86.6,91.5,7,131,33.7,6.4,4.7
"Rutschman, Adley",2009,2009,100.0,470,398,315,101,52,35,1,13,86,18.3,65,13.8,146,814,.254,.248,.362,.358,.445,.411,.354,.342,25,.291,.191,17.9,87.9,91.3,16,162,36.8,7.9,5.3
"Joe, Connor",2001,2001,100.0,507,438,338,110,75,22,4,9,101,19.9,60,11.8,175,817,.251,.241,.351,.342,.381,.340,.328,.311,14,.307,.130,21.4,85.5,91.2,11,151,32.8,4.1,2.8
"Harper, Bryce",2001,2001,100.0,524,468,362,142,72,37,1,32,114,21.8,44,8.4,331,"1,120",.303,.297,.363,.362,.592,.561,.404,.395,55,.334,.288,29.6,92.1,92.6,13,168,50.3,15.2,10.5
"Dozier, Hunter",2001,2001,100.0,537,499,365,124,78,28,5,13,135,25.1,34,6.3,306,"1,033",.248,.241,.300,.297,.403,.387,.307,.301,26,.315,.154,29.6,88.4,91.6,13,157,35.9,7.1,4.8
"Walls, Taylor",2000,2000,100.0,503,437,317,79,49,20,2,8,124,24.7,59,11.7,213,861,.181,.193,.280,.286,.291,.299,.261,.267,18,.231,.110,24.7,85.7,90.2,16,162,27.4,5.7,3.6
"Estrada, Thairo",1997,1997,100.0,568,513,423,137,97,22,2,16,96,16.9,33,5.8,206,992,.267,.246,.328,.312,.411,.352,.325,.299,18,.298,.144,20.8,85.0,91.2,8,136,29.8,4.3,3.2
"Cooper, Garrett",1995,1995,100.0,505,445,322,114,69,34,2,9,128,25.3,44,8.7,223,898,.256,.260,.335,.338,.402,.436,.325,.341,32,.335,.146,24.8,89.7,92.2,9,159,44.1,9.9,6.3
"Benintendi, Andrew",1989,1989,100.0,552,487,410,145,112,23,3,7,83,15.0,57,10.3,198,958,.298,.273,.370,.347,.400,.407,.341,.334,20,.343,.103,20.7,88.7,91.3,12,166,36.8,4.9,3.6
"Urías, Luis",1979,1979,100.0,474,407,313,98,64,17,1,16,99,20.9,51,10.8,189,854,.241,.238,.338,.335,.405,.398,.329,.326,26,.276,.165,22.1,87.3,91.2,18,169,35.1,8.3,5.5
"Sánchez, Gary",1972,1972,100.0,503,449,309,91,48,27,0,16,145,28.8,42,8.3,281,892,.203,.220,.278,.298,.370,.439,.285,.321,42,.256,.167,31.5,90.4,93.4,14,156,48.5,13.6,8.3
"Lux, Gavin",1972,1972,100.0,514,458,354,123,88,21,7,7,109,21.2,51,9.9,198,844,.269,.248,.339,.324,.391,.371,.321,.313,20,.334,.122,23.5,88.0,91.6,6,143,38.4,5.6,3.9
"Gurriel Jr., Lourdes",1971,1971,100.0,525,481,396,144,103,34,1,6,87,16.6,34,6.5,197,955,.299,.273,.353,.327,.412,.400,.337,.321,16,.354,.112,20.6,90.4,91.8,11,160,45.2,4.0,3.0
"Peralta, David",1963,1963,100.0,522,471,353,120,67,33,3,17,124,23.8,39,7.5,258,980,.255,.249,.316,.310,.446,.398,.330,.312,35,.307,.191,26.3,90.8,92.4,15,162,45.6,9.9,6.7
"Choi, Ji Man",1949,1949,100.0,452,379,254,85,52,22,0,11,129,28.5,67,14.8,263,808,.224,.234,.341,.342,.369,.411,.319,.337,28,.305,.145,32.5,91.9,92.2,11,159,44.9,11.0,6.2
"Miller, Owen",1942,1942,100.0,518,466,375,115,78,27,1,9,100,19.3,35,6.8,172,936,.247,.243,.305,.305,.367,.336,.296,.289,12,.290,.120,18.4,85.4,90.7,10,156,28.5,3.2,2.3
"Reyes, Franmil",1936,1936,100.0,510,470,307,108,73,18,2,15,166,32.5,35,6.9,346,931,.230,.203,.284,.259,.372,.358,.288,.275,32,.318,.143,37.2,92.1,92.6,10,150,43.0,10.4,6.3
"Suzuki, Seiya",1927,1927,100.0,463,414,300,108,68,22,2,16,117,25.3,41,8.9,176,761,.261,.247,.333,.320,.440,.418,.337,.326,32,.324,.179,23.1,89.5,91.8,11,165,40.3,10.7,6.9
"Schoop, Jonathan",1921,1921,100.0,542,510,400,102,66,23,1,12,114,21.0,21,3.9,298,"1,055",.200,.228,.240,.265,.320,.338,.246,.268,18,.232,.120,28.2,87.0,91.9,10,139,38.0,4.5,3.3
"Rojas, Miguel",1907,1907,100.0,531,492,436,116,88,20,2,6,61,11.5,28,5.3,137,906,.236,.264,.283,.309,.321,.347,.268,.293,10,.256,.085,15.1,86.1,90.8,10,149,27.5,2.3,1.9
"Contreras, Willson",1904,1904,100.0,517,437,328,105,56,23,2,24,111,21.5,53,10.3,297,955,.240,.256,.354,.362,.467,.463,.360,.364,33,.266,.227,31.1,90.4,92.9,8,142,46.0,10.1,6.4
"Pollock, AJ",1899,1899,100.0,552,510,410,123,80,26,1,16,104,18.8,36,6.5,251,"1,012",.241,.258,.292,.305,.390,.419,.298,.317,38,.272,.149,24.8,88.7,92.4,12,144,42.0,9.3,6.9
"Hoerner, Nico",1881,1881,100.0,546,512,455,142,101,25,6,10,59,10.8,26,4.8,129,934,.277,.270,.319,.313,.408,.367,.318,.301,11,.297,.131,13.8,87.1,91.3,11,155,31.2,2.4,2.0
"Gallo, Joey",1880,1880,100.0,446,382,207,64,32,10,2,20,176,39.5,60,13.5,357,891,.168,.167,.285,.286,.361,.371,.289,.294,36,.235,.194,40.1,89.8,92.6,24,164,53.1,17.4,8.1
"Naylor, Josh",1877,1877,100.0,534,489,408,125,73,31,0,21,86,16.1,34,6.4,194,977,.256,.255,.309,.312,.448,.421,.327,.321,34,.269,.192,19.9,89.4,92.3,9,137,42.2,8.3,6.4
"Candelario, Jeimer",1870,1870,100.0,501,462,347,102,64,22,2,14,119,23.8,29,5.8,248,978,.221,.228,.273,.282,.368,.379,.281,.292,27,.264,.147,25.4,87.1,91.2,13,150,33.7,7.8,5.4
"Miranda, Jose",1855,1855,100.0,499,457,367,122,82,25,0,15,92,18.4,30,6.0,234,957,.267,.253,.325,.312,.420,.410,.327,.317,22,.304,.153,24.5,89.2,91.7,14,150,41.1,6.0,4.4
"Rengifo, Luis",1852,1852,100.0,531,508,428,133,88,23,5,17,82,15.4,17,3.2,223,"1,039",.262,.254,.291,.285,.427,.392,.311,.296,22,.283,.165,21.5,86.6,91.4,10,140,32.5,5.1,4.1
"Walsh, Jared",1844,1844,100.0,488,455,310,101,64,19,2,16,145,29.7,27,5.5,254,907,.222,.221,.275,.268,.378,.368,.286,.280,28,.289,.156,28.0,89.5,92.1,11,156,40.3,9.0,5.7
"Iglesias, Jose",1826,1826,100.0,501,471,416,136,100,33,0,3,58,11.6,18,3.6,128,955,.289,.266,.325,.304,.378,.323,.310,.281,2,.322,.089,13.4,83.8,90.5,6,135,27.2,0.5,0.4
"India, Jonathan",1826,1826,100.0,471,416,313,103,71,16,2,14,103,21.9,38,8.1,184,756,.248,.238,.335,.316,.397,.353,.326,.301,14,.298,.149,24.3,84.9,91.1,15,147,26.8,4.5,3.0
"Lopez, Nicky",1825,1825,100.0,510,464,405,108,90,14,4,0,70,13.7,31,6.1,161,903,.233,.243,.286,.296,.280,.312,.256,.273,6,.273,.047,17.8,83.0,90.1,4,139,22.0,1.5,1.2
"McCormick, Chas",1825,1825,100.0,472,416,289,101,71,12,2,16,129,27.3,51,10.8,296,892,.243,.230,.329,.321,.397,.406,.322,.322,28,.313,.154,33.2,86.3,91.2,12,165,38.1,9.7,5.9
"Greene, Riley",1825,1825,100.0,444,397,275,104,70,21,6,7,126,28.4,39,8.8,212,826,.262,.246,.331,.318,.398,.388,.320,.316,27,.362,.136,25.7,89.7,92.0,3,144,45.1,9.8,6.1
"Odor, Rougned",1822,1822,100.0,495,449,339,91,55,20,3,13,114,23.0,32,6.5,255,926,.203,.207,.269,.277,.347,.339,.272,.277,21,.239,.145,27.5,86.5,91.6,21,162,31.9,6.2,4.2
"Raleigh, Cal",1816,1816,100.0,467,415,278,89,35,23,2,29,142,30.4,45,9.6,313,952,.214,.215,.291,.289,.489,.451,.333,.320,40,.241,.275,32.9,90.7,92.3,22,175,42.1,14.4,8.6
"Heim, Jonah",1800,1800,100.0,470,425,336,99,61,20,1,17,91,19.4,42,8.9,201,923,.233,.224,.302,.296,.405,.361,.310,.291,22,.257,.172,21.8,89.1,91.8,17,156,38.4,6.5,4.7
"Gamel, Ben",1793,1793,100.0,445,394,290,92,57,22,2,11,105,23.6,47,10.6,186,778,.234,.244,.319,.332,.383,.372,.312,.316,19,.290,.150,23.9,88.0,91.5,11,152,37.9,6.6,4.3
"Moncada, Yoán",1792,1792,100.0,466,430,306,88,57,18,1,12,127,27.3,31,6.7,248,859,.205,.220,.260,.278,.335,.374,.263,.289,28,.259,.130,28.9,88.2,91.5,16,155,35.0,9.2,6.0
"Sheets, Gavin",1785,1785,100.0,449,410,321,100,62,22,0,16,92,20.5,33,7.3,191,855,.244,.224,.303,.281,.415,.359,.313,.283,19,.275,.171,22.3,88.4,91.4,15,160,33.3,5.9,4.2
"Calhoun, Kole",1775,1775,100.0,456,415,271,81,53,15,1,12,147,32.2,31,6.8,349,947,.195,.223,.261,.284,.323,.382,.260,.294,25,.266,.128,36.9,90.8,92.2,16,157,45.8,9.2,5.5
"Taylor, Michael A.",1767,1767,100.0,487,439,334,112,88,10,3,11,111,22.8,39,8.0,262,914,.255,.223,.318,.288,.367,.358,.303,.289,21,.315,.112,28.7,84.8,90.9,12,157,30.5,6.3,4.3
"Kepler, Max",1766,1766,100.0,482,424,355,97,66,20,1,10,73,15.1,49,10.2,165,821,.229,.266,.313,.352,.351,.412,.297,.338,24,.252,.123,20.1,89.3,92.1,12,144,39.7,6.8,5.0
"Segura, Jean",1762,1762,100.0,486,445,374,115,92,11,1,11,74,15.2,30,6.2,167,879,.258,.247,.315,.305,.362,.348,.301,.292,15,.287,.103,19.0,86.9,91.5,4,133,36.9,4.0,3.1
"Crawford, Brandon",1762,1762,100.0,478,429,329,100,71,16,2,11,104,21.8,36,7.5,288,904,.233,.217,.303,.295,.357,.339,.293,.287,21,.280,.124,31.9,87.8,91.1,12,156,33.4,6.4,4.4
"Castro, Harold",1761,1761,100.0,472,450,366,122,92,21,2,7,89,18.9,16,3.4,200,953,.271,.275,.296,.303,.373,.423,.293,.316,21,.323,.102,21.0,86.3,90.4,10,157,32.2,5.7,4.4
"Cabrera, Miguel",1760,1760,100.0,461,426,325,110,92,11,0,7,106,23.0,27,5.9,232,879,.258,.234,.304,.285,.333,.331,.283,.275,18,.324,.075,26.4,90.1,91.5,5,154,39.4,5.5,3.9
"Torkelson, Spencer",1760,1760,100.0,443,391,289,81,51,20,1,9,105,23.7,40,9.0,202,811,.207,.223,.293,.305,.332,.374,.281,.302,24,.257,.125,24.9,90.3,91.8,15,153,41.2,8.3,5.4
"Perez, Salvador",1753,1753,100.0,503,476,366,124,72,26,1,25,113,22.5,17,3.4,317,"1,013",.261,.242,.294,.279,.477,.470,.331,.323,39,.290,.216,31.3,91.4,92.6,18,170,45.6,10.7,7.8
"d'Arnaud, Travis",1751,1751,100.0,462,430,331,118,66,28,1,23,99,21.4,19,4.1,254,925,.274,.249,.325,.300,.505,.425,.358,.317,29,.308,.230,27.5,88.8,91.5,12,155,39.0,8.8,6.3
"Vázquez, Christian",1745,1745,100.0,468,438,359,116,82,24,0,10,82,17.5,23,4.9,161,864,.265,.259,.306,.304,.388,.369,.304,.298,17,.304,.123,18.6,87.6,90.9,11,161,34.5,4.7,3.6
"Harris II, Michael",1741,1741,100.0,473,443,333,128,78,28,3,19,111,23.5,24,5.1,255,912,.289,.267,.333,.309,.494,.457,.357,.333,32,.348,.205,28.0,89.0,92.6,3,138,43.2,9.6,6.8
"Nola, Austin",1737,1737,100.0,472,411,348,102,78,19,0,5,76,16.1,42,8.9,121,762,.248,.250,.320,.321,.331,.347,.291,.300,8,.285,.083,15.9,89.2,91.8,11,156,38.2,2.3,1.7
"Pederson, Joc",1736,1736,100.0,454,402,297,108,62,19,3,24,109,24.0,40,8.8,201,804,.269,.266,.344,.344,.510,.502,.367,.367,43,.308,.241,25.0,92.6,93.5,14,176,49.8,14.5,9.5
"Urías, Ramón",1721,1721,100.0,472,429,333,110,71,19,1,19,103,21.8,31,6.6,234,857,.256,.250,.311,.307,.438,.420,.325,.320,30,.293,.182,27.3,88.8,92.2,11,155,44.7,9.0,6.4
"O'Neill, Tyler",1700,1700,100.0,412,359,258,82,55,12,1,14,108,26.2,42,10.2,241,779,.228,.237,.311,.321,.384,.419,.306,.328,28,.279,.156,30.9,90.0,92.0,14,165,43.4,10.9,6.8
"Paredes, Isaac",1691,1691,100.0,400,347,280,72,35,16,0,21,69,17.3,46,11.5,110,683,.207,.211,.307,.311,.435,.349,.325,.298,18,.197,.228,16.1,87.6,92.1,15,157,38.6,6.4,4.5
"Maldonado, Martín",1689,1689,100.0,431,389,260,72,44,13,0,15,135,31.3,26,6.0,282,842,.185,.181,.253,.248,.334,.320,.261,.254,20,.237,.149,33.5,86.7,91.2,14,150,38.5,7.7,4.6
"Ruf, Darin",1684,1684,100.0,416,357,247,72,47,14,0,11,113,27.2,49,11.8,188,680,.202,.218,.308,.323,.333,.370,.290,.312,20,.258,.132,27.6,89.2,92.0,15,159,38.1,8.1,4.8
"Tapia, Raimel",1668,1668,100.0,457,433,351,113,83,20,3,7,87,19.0,16,3.5,199,918,.261,.255,.288,.282,.370,.364,.287,.284,17,.311,.109,21.7,87.2,91.3,4,131,37.3,4.8,3.7
"Hosmer, Eric",1666,1666,100.0,444,407,339,107,78,21,0,8,69,15.5,35,7.9,153,822,.263,.258,.322,.319,.373,.379,.308,.311,18,.299,.111,18.6,88.4,92.2,3,128,37.2,5.3,4.1
"Contreras, William",1661,1661,100.0,414,368,254,99,61,16,1,21,116,28.0,43,10.4,255,739,.269,.242,.345,.320,.489,.472,.361,.344,32,.335,.220,34.5,90.5,92.5,6,136,43.7,12.6,7.7
"Morel, Christopher",1656,1656,100.0,429,383,250,89,50,19,4,16,138,32.2,38,8.9,319,830,.232,.229,.305,.304,.428,.431,.319,.321,33,.316,.196,38.4,87.9,92.2,9,139,39.2,13.2,7.7
"Buxton, Byron",1643,1643,100.0,419,374,251,92,37,18,3,34,124,29.6,35,8.4,265,781,.246,.242,.325,.323,.583,.509,.385,.358,42,.267,.337,33.9,93.0,93.4,22,160,49.4,16.7,10.0
"Anderson, Brian",1637,1637,100.0,407,363,255,79,53,16,1,9,109,26.8,36,8.8,249,833,.218,.229,.300,.314,.342,.379,.288,.309,24,.285,.124,29.9,88.8,91.5,8,140,40.8,9.4,5.9
"Ramírez, Harold",1637,1637,100.0,459,427,353,126,95,24,0,7,78,17.0,18,3.9,243,932,.295,.272,.336,.315,.400,.377,.323,.307,16,.344,.105,26.1,88.2,92.1,5,138,39.4,4.5,3.5
"Berti, Jon",1636,1636,100.0,426,377,284,91,65,18,3,5,94,22.1,45,10.6,179,726,.241,.236,.326,.322,.345,.358,.302,.306,16,.308,.103,24.7,87.9,91.2,5,148,35.9,5.6,3.8
"Grandal, Yasmani",1634,1634,100.0,402,352,270,71,57,8,0,6,84,20.9,46,11.4,147,659,.202,.217,.296,.315,.276,.319,.264,.290,12,.246,.074,22.3,90.0,91.8,13,163,37.4,4.4,3.0
"Chavis, Michael",1625,1625,100.0,454,429,299,97,62,17,3,15,134,29.5,19,4.2,285,945,.226,.217,.260,.254,.385,.336,.279,.261,21,.289,.159,30.2,85.4,91.5,11,148,37.8,7.0,4.6
"Vierling, Matt",1615,1615,100.0,413,374,297,90,65,16,3,6,85,20.6,27,6.5,146,730,.241,.273,.294,.326,.348,.399,.282,.322,15,.290,.107,20.0,91.0,92.3,12,161,46.8,5.1,3.6
"Gordon, Nick",1613,1613,100.0,468,429,327,118,74,29,5,10,111,23.7,19,4.1,267,956,.275,.261,.318,.306,.436,.464,.326,.333,30,.344,.161,27.9,89.8,91.4,12,164,42.8,9.2,6.4
"Story, Trevor",1611,1611,100.0,405,368,246,86,48,22,0,16,127,31.4,29,7.2,254,807,.234,.221,.291,.283,.424,.397,.310,.301,27,.304,.190,31.5,88.9,91.3,18,166,39.4,11.0,6.7
"Suwinski, Jack",1609,1609,100.0,378,332,217,68,37,11,1,19,116,30.7,41,10.8,212,696,.205,.204,.299,.298,.416,.393,.314,.307,26,.247,.211,30.5,88.3,92.1,15,157,40.6,12.0,6.9
"Daza, Yonathan",1602,1602,100.0,439,400,347,125,100,21,2,2,59,13.4,29,6.6,148,809,.313,.282,.361,.333,.390,.351,.331,.308,6,.358,.077,18.3,84.6,90.2,5,139,25.1,1.7,1.4
"Ruiz, Keibert",1599,1599,100.0,458,418,368,107,74,24,0,9,53,11.6,31,6.8,122,817,.256,.277,.315,.337,.378,.403,.306,.328,13,.274,.122,14.9,87.6,91.0,15,154,30.4,3.5,2.8
"Taylor, Tyrone",1586,1586,100.0,437,402,296,99,52,24,3,20,111,25.4,23,5.3,221,818,.246,.236,.295,.289,.470,.412,.328,.307,27,.286,.224,27.0,87.8,91.5,17,152,35.1,9.1,6.2
"Ortega, Rafael",1586,1586,100.0,406,350,273,82,59,15,1,7,85,20.9,45,11.1,151,734,.234,.241,.319,.330,.343,.346,.296,.307,12,.283,.109,20.6,86.6,91.1,17,163,30.8,4.4,3.0
"Votto, Joey",1583,1583,100.0,417,361,259,77,40,22,2,13,102,24.5,46,11.0,215,754,.213,.218,.319,.331,.393,.390,.317,.322,27,.260,.180,28.5,89.9,91.6,15,154,36.3,10.4,6.5
"Davis, J.D.",1578,1578,100.0,392,340,214,85,55,17,1,12,128,32.7,40,10.2,302,801,.250,.242,.344,.334,.412,.469,.335,.351,33,.361,.162,37.7,92.6,92.6,13,155,55.1,15.4,8.4
"Harrison, Josh",1577,1577,100.0,455,413,342,105,76,20,2,7,75,16.5,23,5.1,188,871,.254,.233,.316,.297,.363,.335,.302,.284,12,.294,.109,21.6,87.0,90.4,14,157,30.1,3.5,2.6
"Dalbec, Bobby",1573,1573,100.0,392,353,232,80,51,12,2,15,125,31.9,30,7.7,256,739,.227,.216,.293,.287,.399,.379,.303,.296,24,.300,.173,34.6,90.2,91.8,15,158,41.8,10.3,6.1
"Thomas, Alek",1572,1572,100.0,440,408,330,94,66,19,1,8,83,18.9,23,5.2,201,778,.230,.238,.275,.285,.341,.335,.271,.277,13,.267,.110,25.8,87.7,91.7,3,130,34.5,3.9,3.0
"Hernández, Enrique",1569,1569,100.0,435,391,317,89,56,25,0,8,78,17.9,37,8.5,188,754,.228,.238,.297,.308,.353,.357,.288,.297,18,.262,.125,24.9,87.9,91.9,17,152,33.1,5.7,4.1
"Gonzalez, Oscar",1568,1568,100.0,437,417,331,121,79,29,0,13,88,20.1,14,3.2,254,939,.290,.273,.318,.303,.453,.416,.334,.315,22,.340,.163,27.1,88.3,92.1,6,144,37.8,6.6,5.0
"Laureano, Ramón",1552,1552,100.0,404,364,256,76,44,19,0,13,109,27.0,27,6.7,224,728,.209,.219,.285,.294,.368,.402,.290,.307,28,.259,.159,30.8,88.7,91.9,15,155,36.3,10.9,6.9
"Castro, Willi",1543,1543,100.0,423,392,305,96,64,20,3,9,91,21.5,18,4.3,254,889,.245,.257,.291,.301,.380,.335,.294,.286,14,.295,.135,28.6,84.8,91.1,14,143,32.5,4.6,3.3
"Stallings, Jacob",1542,1542,100.0,402,364,280,81,63,14,0,4,87,21.6,29,7.2,150,681,.223,.221,.289,.292,.294,.312,.264,.274,9,.280,.071,22.0,86.5,90.8,13,154,32.9,3.2,2.2
"Senzel, Nick",1534,1534,100.0,458,407,329,99,77,14,1,7,81,17.7,33,7.2,162,742,.243,.249,.309,.313,.334,.355,.288,.299,10,.287,.091,21.8,86.7,91.2,11,145,30.7,3.0,2.2
"Nootbaar, Lars",1526,1526,100.0,381,317,240,71,36,17,4,14,82,21.5,57,15.0,147,594,.224,.247,.341,.360,.435,.412,.340,.346,27,.252,.211,24.7,90.6,92.7,10,154,45.0,11.3,7.1
"González, Luis",1516,1516,100.0,374,332,260,88,62,19,2,5,78,20.9,32,8.6,165,720,.265,.215,.332,.287,.380,.306,.314,.268,7,.325,.114,22.9,84.3,90.7,8,152,29.6,2.7,1.9
"Díaz, Elias",1514,1514,100.0,408,376,293,84,55,18,2,9,86,21.1,27,6.6,181,788,.223,.222,.277,.278,.354,.339,.277,.274,17,.264,.130,23.0,88.5,91.8,11,148,37.9,5.8,4.2
"Franco, Maikel",1513,1513,100.0,422,403,325,94,67,16,0,11,82,19.4,13,3.1,229,811,.233,.243,.258,.270,.355,.351,.267,.272,14,.264,.122,28.2,86.9,92.1,11,141,32.6,4.3,3.3
"García, Avisaíl",1503,1503,100.0,411,384,264,85,67,9,0,9,122,29.7,21,5.1,330,874,.221,.230,.268,.273,.315,.366,.259,.281,17,.298,.094,37.8,88.5,92.1,3,131,44.7,6.4,4.1
"Cruz, Oneil",1502,1502,100.0,375,346,218,82,46,13,4,19,129,34.4,27,7.2,217,618,.237,.219,.293,.280,.462,.406,.326,.301,32,.317,.225,35.1,92.0,93.8,8,141,46.3,14.7,8.5
"Kelly, Carson",1498,1498,100.0,381,342,271,76,49,20,0,7,75,19.7,30,7.9,142,658,.222,.225,.291,.298,.342,.345,.282,.288,13,.261,.120,21.6,87.9,91.4,15,162,37.6,4.8,3.4
"Haase, Eric",1493,1493,100.0,378,348,249,89,52,20,1,16,102,27.0,26,6.9,248,770,.256,.239,.307,.290,.457,.399,.330,.302,22,.313,.201,32.2,87.8,91.6,17,153,42.2,8.8,5.8
"Pinder, Chad",1491,1491,100.0,413,391,272,94,59,22,0,13,123,29.8,17,4.1,270,800,.240,.235,.270,.263,.396,.380,.288,.280,16,.314,.156,33.8,87.2,91.7,9,149,36.8,5.9,3.9
"Margot, Manuel",1484,1484,100.0,396,366,295,101,72,22,2,5,72,18.2,27,6.8,199,788,.276,.263,.328,.314,.388,.354,.316,.298,10,.331,.112,25.3,87.8,91.5,9,145,35.6,3.4,2.5
"Robles, Victor",1482,1482,100.0,431,386,294,86,67,11,2,6,107,24.8,19,4.4,212,790,.223,.203,.276,.256,.308,.280,.261,.244,9,.289,.085,26.8,79.4,90.7,12,138,22.8,3.1,2.1
"Sánchez, Jesús",1481,1481,100.0,368,335,239,72,41,15,3,13,97,26.4,29,7.9,210,711,.215,.222,.283,.287,.394,.379,.296,.295,23,.261,.179,29.5,89.4,92.4,9,149,39.3,9.6,6.3
"Stassi, Max",1480,1480,100.0,393,351,234,64,41,12,1,10,119,30.3,38,9.7,224,662,.182,.180,.265,.268,.308,.325,.258,.266,21,.242,.125,33.8,88.5,91.6,9,139,38.5,9.0,5.3
"Peterson, Jace",1478,1478,100.0,357,314,229,74,46,17,2,9,91,25.5,35,9.8,168,615,.236,.231,.314,.309,.389,.362,.309,.300,15,.300,.153,27.3,87.6,91.0,9,148,33.2,6.6,4.2
"Guillorme, Luis",1478,1478,100.0,361,319,268,86,69,13,1,3,53,14.7,37,10.2,90,608,.270,.254,.351,.332,.345,.334,.314,.301,6,.316,.075,14.8,84.6,90.2,4,150,23.9,2.2,1.7
"Bradley Jr., Jackie",1462,1462,100.0,404,375,291,76,44,24,1,7,86,21.3,26,6.4,218,730,.203,.222,.256,.273,.328,.329,.258,.267,13,.245,.125,29.9,87.0,91.3,7,138,34.7,4.5,3.2
"Pujols, Albert",1434,1434,100.0,366,323,273,88,50,14,0,24,56,15.3,27,7.4,144,696,.272,.262,.342,.340,.539,.498,.375,.364,32,.257,.266,20.7,91.1,93.1,16,147,47.3,11.7,8.7
"Celestino, Gilberto",1425,1425,100.0,358,318,242,76,61,12,1,2,78,21.8,36,10.1,147,632,.239,.219,.320,.297,.302,.294,.284,.270,6,.311,.063,23.3,86.9,91.3,-2,140,33.9,2.5,1.7
"Robert Jr., Luis",1419,1419,100.0,439,416,333,121,84,22,0,15,85,19.4,17,3.9,243,886,.291,.272,.323,.306,.452,.449,.336,.327,28,.333,.161,27.4,89.4,92.1,10,151,39.6,8.4,6.4
"Toro, Abraham",1409,1409,100.0,387,357,292,72,47,13,2,10,69,17.8,22,5.7,143,678,.202,.226,.253,.275,.333,.372,.258,.284,18,.220,.132,21.1,87.0,91.2,16,156,27.4,6.2,4.7
"De La Cruz, Bryan",1406,1406,100.0,362,336,250,85,51,21,0,13,90,24.9,19,5.2,196,692,.253,.287,.294,.327,.432,.498,.313,.355,29,.304,.179,28.3,91.0,92.5,10,159,48.0,11.6,8.0
"Bader, Harrison",1405,1405,100.0,377,350,279,91,66,12,3,10,73,19.4,20,5.3,157,674,.260,.237,.308,.289,.397,.360,.309,.289,13,.301,.137,23.3,84.4,91.0,17,148,27.2,4.7,3.4
"Hedges, Austin",1402,1402,100.0,375,325,249,54,41,5,0,8,89,23.7,31,8.3,186,663,.166,.179,.249,.259,.255,.258,.232,.238,7,.199,.089,28.1,81.5,90.2,14,144,21.3,2.8,1.9
"Reyes, Victor",1399,1399,100.0,367,343,264,88,59,21,3,5,83,22.6,16,4.4,209,783,.257,.261,.294,.297,.379,.368,.293,.292,15,.320,.122,26.7,87.5,91.2,11,149,36.4,5.7,4.1
"Biggio, Cavan",1398,1398,100.0,332,278,190,58,32,18,1,7,92,27.7,44,13.3,142,558,.209,.193,.326,.311,.356,.319,.307,.288,12,.280,.147,25.4,87.7,90.7,20,151,32.6,6.3,3.6
"Wendle, Joey",1388,1388,100.0,404,378,325,102,72,26,1,3,57,14.1,17,4.2,131,735,.270,.250,.308,.289,.368,.331,.297,.276,5,.308,.098,17.8,86.8,91.2,2,131,35.7,1.5,1.2
"Rivera, Emmanuel",1386,1386,100.0,392,361,272,82,49,17,3,13,90,23.0,25,6.4,184,705,.227,.238,.286,.296,.399,.410,.299,.310,23,.266,.172,26.1,90.4,91.5,10,150,34.9,8.5,5.9
"Slater, Austin",1378,1378,100.0,351,302,207,79,53,17,2,7,97,27.6,41,11.7,198,631,.262,.259,.359,.363,.401,.429,.338,.351,21,.360,.139,31.4,87.8,91.5,6,155,37.2,10.1,6.0
"McCarthy, Jake",1375,1375,100.0,392,355,268,102,72,17,4,9,91,23.2,25,6.4,214,731,.287,.249,.347,.310,.434,.357,.342,.298,13,.363,.146,29.3,85.9,91.4,6,140,34.0,4.9,3.3
"Hernandez, Yadiel",1374,1374,100.0,351,325,246,87,60,18,0,9,81,23.1,23,6.6,214,711,.268,.247,.316,.296,.406,.411,.316,.313,20,.329,.138,30.1,88.8,91.3,4,157,40.2,8.1,5.7
"Gorman, Nolan",1373,1373,100.0,330,300,190,67,40,13,0,14,110,33.3,28,8.5,246,706,.223,.240,.294,.313,.407,.476,.308,.342,27,.301,.183,34.8,89.2,91.4,19,179,42.1,14.2,8.2
"Velazquez, Andrew",1369,1369,100.0,370,342,223,68,48,9,1,10,128,34.6,16,4.3,259,741,.199,.202,.239,.243,.319,.312,.245,.246,14,.280,.120,35.0,83.9,90.9,6,146,33.2,6.3,3.8
"Trevino, Jose",1367,1367,100.0,398,378,311,89,63,14,1,11,69,17.3,16,4.0,146,691,.235,.233,.269,.268,.365,.354,.277,.274,14,.260,.130,21.1,87.7,91.4,13,161,33.4,4.5,3.5
"García Jr., Luis",1362,1362,100.0,389,372,289,100,67,24,2,7,88,22.6,11,2.8,200,731,.269,.260,.289,.283,.401,.409,.298,.305,21,.331,.132,27.4,86.9,91.4,5,142,36.0,7.3,5.4
"Myers, Wil",1359,1359,100.0,350,321,211,75,50,16,0,9,114,32.6,24,6.9,208,637,.234,.222,.286,.276,.368,.375,.286,.286,17,.327,.134,32.7,88.7,91.3,13,151,36.0,8.1,4.9
"Soler, Jorge",1336,1336,100.0,323,286,192,64,36,14,0,14,95,29.4,32,9.9,192,616,.224,.226,.307,.310,.420,.421,.319,.322,23,.281,.196,31.2,91.1,93.0,14,146,43.2,12.0,7.1
"Naquin, Tyler",1326,1326,100.0,370,345,246,80,43,21,4,12,101,27.3,19,5.1,241,779,.232,.247,.279,.295,.420,.433,.303,.317,21,.292,.188,30.9,89.0,91.7,13,158,36.2,8.5,5.7
"Siri, Jose",1323,1323,100.0,347,323,208,68,45,13,2,8,116,33.4,20,5.8,250,693,.211,.206,.262,.260,.337,.329,.265,.262,14,.300,.127,36.1,86.3,91.2,16,148,33.2,6.7,4.0
"Franco, Wander",1316,1316,100.0,387,356,320,96,63,24,3,6,41,10.6,26,6.7,96,689,.270,.282,.315,.336,.404,.403,.313,.328,13,.287,.135,13.9,87.3,91.4,8,151,34.1,4.1,3.4
"Díaz, Aledmys",1304,1304,100.0,367,340,281,77,51,14,0,12,61,16.6,22,6.0,160,689,.226,.248,.278,.292,.374,.373,.286,.294,16,.242,.147,23.2,85.9,91.7,13,140,33.8,5.7,4.4
"Taveras, Leody",1294,1294,100.0,350,322,237,82,61,14,2,5,89,25.4,22,6.3,180,636,.255,.226,.304,.277,.357,.318,.291,.267,10,.333,.102,28.3,87.4,91.4,10,146,36.3,4.2,2.9
"Adell, Jo",1287,1287,100.0,330,310,195,72,44,14,3,11,117,35.5,13,3.9,239,678,.232,.198,.271,.242,.403,.312,.292,.248,17,.332,.171,35.3,87.3,91.3,16,156,33.8,8.7,5.2
"Rivas III, Alfonso",1285,1285,100.0,322,281,186,69,55,8,2,4,98,30.4,34,10.6,144,540,.246,.222,.333,.309,.331,.312,.301,.284,7,.359,.085,26.7,85.8,90.7,4,144,31.7,3.8,2.2
"Barnhart, Tucker",1283,1283,100.0,336,306,230,65,53,11,0,1,77,22.9,28,8.3,133,591,.212,.201,.281,.269,.258,.264,.247,.244,4,.281,.046,22.5,84.1,90.3,9,135,25.2,1.7,1.2
"Castillo, Diego A.",1282,1282,100.0,320,297,217,67,37,13,0,17,85,26.6,15,4.7,153,573,.226,.224,.266,.270,.441,.389,.303,.292,22,.250,.215,26.7,89.5,91.4,14,155,39.2,10.1,6.9
"Caratini, Victor",1281,1281,100.0,336,292,226,60,36,14,0,10,68,20.2,33,9.8,113,549,.205,.233,.304,.330,.356,.350,.297,.309,13,.233,.151,20.6,89.1,92.3,7,145,39.8,5.8,3.9
"Duvall, Adam",1277,1277,100.0,345,314,210,71,38,19,1,13,106,30.7,24,7.0,189,649,.226,.209,.290,.274,.417,.395,.308,.293,24,.294,.191,29.1,88.3,92.1,24,166,36.7,11.4,7.0
"Thompson, Trayce",1259,1259,100.0,294,252,145,60,32,14,1,13,109,37.1,37,12.6,209,547,.238,.242,.340,.345,.456,.479,.347,.358,22,.356,.218,38.2,92.1,92.6,18,171,43.4,15.2,7.5
"Moore, Dylan",1256,1256,100.0,294,240,150,55,32,12,2,9,92,31.3,38,12.9,149,498,.229,.201,.363,.345,.408,.355,.345,.321,17,.329,.179,29.9,86.5,90.9,20,167,32.7,11.3,5.8
"Jiménez, Eloy",1252,1252,100.0,365,328,250,97,62,16,0,19,82,22.5,30,8.2,199,639,.296,.266,.356,.335,.518,.512,.376,.365,33,.338,.223,31.1,92.7,93.5,7,154,49.2,13.2,9.0
"Narváez, Omar",1240,1240,100.0,322,286,224,58,40,12,1,5,65,20.2,30,9.3,156,631,.203,.207,.283,.291,.304,.293,.266,.268,6,.243,.101,24.7,84.0,89.9,18,164,17.9,2.7,1.9
"Neuse, Sheldon",1227,1227,100.0,330,306,217,70,54,6,2,8,90,27.3,21,6.4,179,638,.229,.212,.282,.272,.340,.291,.276,.254,6,.297,.111,28.1,89.1,91.0,2,140,33.6,2.8,1.8
"García, Leury",1227,1227,100.0,346,327,260,71,58,9,0,4,72,20.8,11,3.2,168,693,.217,.233,.247,.258,.281,.325,.234,.258,10,.264,.064,24.2,86.0,90.8,6,136,33.1,3.8,2.9
"Hiura, Keston",1215,1215,100.0,299,262,141,64,34,11,1,18,122,40.8,26,8.7,246,602,.244,.205,.334,.297,.500,.425,.361,.317,19,.374,.256,40.9,91.7,92.1,16,167,39.7,13.5,6.4
"Bart, Joey",1214,1214,100.0,316,283,163,64,43,7,0,14,120,38.0,29,9.2,216,571,.226,.210,.307,.292,.399,.370,.312,.296,15,.336,.173,37.8,86.6,92.3,16,138,39.3,9.2,4.7
"Belt, Brandon",1213,1213,100.0,305,263,179,54,36,9,1,8,85,27.9,35,11.5,186,577,.205,.215,.311,.323,.338,.412,.294,.326,22,.269,.133,32.2,86.7,91.0,23,170,37.4,12.3,7.2
"Smith, Pavin",1208,1208,100.0,307,271,202,62,42,10,0,10,72,23.5,32,10.4,99,474,.229,.216,.309,.297,.376,.379,.304,.304,19,.271,.148,20.9,88.4,91.8,15,140,35.1,9.4,6.2
"Anderson, Tim",1207,1207,100.0,390,371,311,117,94,17,0,6,60,15.4,13,3.3,168,717,.315,.297,.349,.333,.410,.432,.334,.336,16,.364,.094,23.4,88.3,91.4,3,150,37.3,5.1,4.1
"Solano, Donovan",1202,1202,100.0,314,288,228,83,61,18,0,4,62,19.7,18,5.7,124,599,.288,.268,.341,.323,.392,.393,.324,.315,13,.353,.104,20.7,88.3,91.0,11,167,39.0,5.7,4.1
"Moustakas, Mike",1196,1196,100.0,313,277,200,62,38,16,0,8,80,25.6,25,8.0,190,657,.224,.195,.304,.281,.368,.307,.298,.270,11,.281,.144,28.9,87.6,91.5,19,150,30.5,5.5,3.5
"Schwindel, Frank",1189,1189,100.0,313,289,227,69,47,14,0,8,64,20.4,21,6.7,174,651,.239,.230,.291,.279,.370,.351,.291,.278,10,.279,.131,26.7,88.1,91.3,10,149,33.9,4.4,3.2
"Longoria, Evan",1187,1187,100.0,296,266,186,65,38,13,0,14,83,28.0,25,8.4,155,527,.244,.233,.311,.304,.451,.437,.330,.324,23,.297,.207,29.4,91.1,92.5,18,161,46.8,12.4,7.8
"Allen, Nick",1186,1186,100.0,341,311,251,68,48,13,2,5,67,19.6,22,6.5,145,625,.219,.210,.272,.259,.322,.266,.263,.238,3,.263,.103,23.2,81.3,90.0,5,137,21.5,1.2,0.9
"Aquino, Aristides",1182,1182,100.0,310,287,176,58,31,14,0,13,111,35.8,22,7.1,253,669,.202,.180,.261,.231,.387,.317,.283,.243,14,.276,.185,37.8,85.9,91.8,18,157,31.8,8.0,4.5
"Dickerson, Corey",1180,1180,100.0,318,300,251,83,57,19,1,6,51,16.0,14,4.4,154,685,.277,.264,.311,.295,.407,.371,.313,.293,9,.314,.130,22.5,87.6,90.6,11,160,31.1,3.6,2.8
"Nido, Tomás",1176,1176,100.0,347,316,245,79,59,16,0,4,85,24.5,16,4.6,249,714,.250,.235,.287,.274,.339,.368,.276,.281,16,.328,.089,34.9,82.6,90.6,7,141,32.2,6.5,4.6
"Knizner, Andrew",1173,1173,100.0,310,270,208,59,42,12,0,5,64,20.6,32,10.3,128,564,.219,.219,.314,.305,.319,.306,.288,.280,9,.267,.100,22.7,86.0,90.8,16,148,33.7,4.3,2.9
"Bethancourt, Christian",1166,1166,100.0,365,346,263,89,58,19,0,12,85,23.3,15,4.1,252,729,.257,.251,.291,.282,.416,.442,.307,.314,28,.308,.159,34.6,89.4,92.5,9,155,40.7,10.6,7.7
"Isbel, Kyle",1156,1156,100.0,314,287,207,63,37,12,6,8,83,26.4,21,6.7,120,537,.220,.220,.278,.273,.387,.323,.290,.266,9,.278,.167,22.3,88.9,92.2,10,150,40.1,4.3,2.9
"Yepez, Juan",1152,1152,100.0,305,278,217,71,43,15,0,13,65,21.3,21,6.9,157,624,.255,.220,.308,.266,.450,.404,.327,.291,19,.284,.194,25.2,86.9,91.3,18,152,34.1,8.8,6.2
"Haniger, Mitch",1152,1152,100.0,305,277,201,66,41,14,0,11,78,25.6,22,7.2,162,538,.238,.243,.302,.307,.408,.437,.311,.325,20,.289,.170,30.1,91.9,92.6,18,159,42.3,10.0,6.6
"Newman, Kevin",1151,1151,100.0,335,312,264,87,62,20,2,3,51,15.2,17,5.1,91,558,.279,.260,.321,.304,.385,.332,.310,.285,5,.324,.106,16.3,85.2,90.7,13,144,27.3,1.9,1.5
"Mejía, Francisco",1148,1148,100.0,327,316,247,79,49,23,0,7,70,21.4,8,2.4,167,707,.250,.242,.272,.264,.389,.328,.287,.261,6,.300,.139,23.6,86.8,90.7,16,156,25.9,2.4,1.8
"Cordero, Franchy",1147,1147,100.0,298,265,172,64,34,21,1,8,97,32.6,28,9.4,212,571,.242,.228,.314,.307,.419,.402,.320,.313,21,.346,.177,37.1,88.5,92.8,11,142,43.6,12.2,7.0
"Arroyo, Christian",1102,1102,100.0,330,307,261,88,64,17,1,6,50,15.2,14,4.2,128,635,.287,.292,.326,.326,.407,.430,.321,.330,15,.324,.121,20.2,88.3,91.7,9,146,38.3,5.7,4.5
"Reynolds, Matt",1097,1097,100.0,279,249,172,60,46,10,1,3,79,28.3,27,9.7,131,454,.241,.215,.315,.294,.325,.305,.288,.272,6,.337,.084,28.9,90.3,91.6,6,151,41.3,3.5,2.2
"Abrams, CJ",1093,1093,100.0,341,321,264,82,63,13,2,4,61,17.9,7,2.1,150,626,.255,.241,.289,.277,.346,.316,.280,.266,5,.302,.090,24.0,85.2,91.0,6,134,28.4,1.9,1.5
"Rosario, Eddie",1093,1093,100.0,308,288,213,58,39,13,1,5,78,25.3,17,5.5,199,602,.201,.201,.244,.248,.306,.321,.242,.250,10,.255,.104,33.1,87.2,90.8,15,154,31.0,4.7,3.2
"Pasquantino, Vinnie",1092,1092,100.0,322,281,242,85,61,12,0,12,41,12.7,36,11.2,78,507,.302,.289,.385,.378,.473,.475,.375,.374,20,.317,.171,15.4,91.0,92.8,12,164,44.2,8.3,6.2
"Castro, Rodolfo",1091,1091,100.0,292,266,187,62,38,9,4,11,80,27.4,23,7.9,177,522,.233,.210,.298,.276,.421,.354,.313,.280,12,.290,.188,33.9,86.6,91.8,11,138,34.2,6.4,4.1
"Albies, Ozzie",1085,1085,100.0,301,276,231,70,44,17,0,9,50,16.6,17,5.6,145,637,.254,.236,.299,.287,.413,.383,.308,.294,11,.275,.159,22.8,87.2,90.8,17,157,24.7,4.8,3.7
"DeJong, Paul",1085,1085,100.0,266,234,153,43,23,12,0,8,83,31.2,24,9.0,177,528,.184,.183,.274,.268,.338,.332,.274,.269,14,.241,.154,33.5,87.7,91.9,22,161,37.3,9.2,5.3
"Lowe, Brandon",1078,1078,100.0,299,262,197,60,37,12,2,9,66,22.1,33,11.0,196,576,.229,.237,.321,.322,.393,.401,.316,.320,18,.271,.164,34.0,89.3,91.9,17,153,36.0,9.1,6.0
"Brantley, Michael",1076,1076,100.0,302,268,234,75,53,14,1,7,36,11.9,30,9.9,58,448,.280,.310,.355,.385,.418,.467,.341,.374,15,.301,.138,12.9,89.6,92.2,10,162,42.7,6.4,5.0
"Smith, Josh",1075,1075,100.0,267,223,178,48,38,6,0,4,50,18.7,31,11.6,101,442,.215,.224,.328,.330,.296,.313,.289,.296,4,.256,.081,22.9,85.4,90.7,18,158,27.5,2.2,1.5
"Alfaro, Jorge",1070,1070,100.0,300,280,175,73,46,16,0,11,108,36.0,11,3.7,259,674,.261,.238,.300,.278,.436,.397,.318,.295,18,.378,.175,38.4,89.5,91.9,8,143,36.0,10.3,6.0
"Bleday, JJ",1067,1067,100.0,248,214,144,36,19,10,2,5,72,29.0,30,12.1,144,500,.168,.190,.274,.297,.304,.315,.262,.280,12,.223,.136,28.8,86.5,90.6,25,170,32.6,8.3,4.8
"Chisholm Jr., Jazz",1067,1067,100.0,275,245,171,63,32,11,4,16,77,28.0,23,8.4,166,508,.257,.242,.325,.320,.531,.473,.364,.345,27,.303,.273,32.7,89.1,92.1,14,151,43.9,15.8,9.8
"Phillips, Brett",1065,1065,100.0,256,227,125,32,20,7,0,5,107,41.8,21,8.2,197,481,.141,.156,.222,.230,.238,.244,.212,.220,5,.233,.097,41.0,85.6,90.5,19,163,28.0,4.0,2.0
"Jansen, Danny",1063,1063,100.0,276,242,197,64,35,13,0,16,51,18.5,25,9.1,110,492,.264,.262,.333,.337,.517,.511,.362,.366,25,.265,.252,22.4,90.4,92.2,23,169,45.7,12.7,9.1
"Luplow, Jordan",1055,1055,100.0,251,221,160,40,21,7,0,12,62,24.7,26,10.4,150,508,.181,.198,.275,.290,.376,.351,.288,.288,12,.189,.195,29.5,87.2,91.1,18,151,31.9,7.5,4.8
"Fraley, Jake",1053,1053,100.0,280,243,188,64,42,9,0,13,58,20.7,30,10.7,118,491,.263,.248,.350,.335,.461,.417,.353,.333,12,.291,.198,24.0,85.2,90.7,14,149,23.9,6.4,4.3
"McGuire, Reese",1045,1045,100.0,297,272,220,69,51,14,1,3,61,20.5,12,4.0,116,545,.254,.233,.290,.276,.346,.326,.279,.267,5,.313,.092,21.3,84.8,90.7,12,150,29.5,2.3,1.7
"Gomes, Yan",1045,1045,100.0,316,300,253,70,46,15,0,9,52,16.5,8,2.5,111,574,.233,.251,.257,.278,.373,.379,.273,.287,8,.251,.140,19.3,85.1,90.9,9,155,27.3,3.2,2.5
"Arcia, Orlando",1042,1042,100.0,281,251,197,62,42,10,0,10,56,19.9,26,9.3,126,470,.247,.252,.320,.329,.406,.417,.320,.329,13,.278,.159,26.8,90.1,91.9,11,143,37.6,6.6,4.6
"Molina, Yadier",1040,1040,100.0,288,280,237,61,46,9,0,6,44,15.3,5,1.7,135,611,.218,.231,.236,.250,.314,.328,.241,.254,8,.238,.096,22.1,84.6,90.3,17,155,25.3,3.4,2.8
"Baddoo, Akil",1039,1039,100.0,260,235,160,50,37,4,3,6,75,28.8,25,9.6,146,499,.213,.192,.288,.278,.332,.270,.278,.253,10,.286,.119,29.3,84.6,90.7,14,144,28.7,6.3,3.8
"Jeffers, Ryan",1033,1033,100.0,264,236,170,47,27,10,1,9,67,25.4,27,10.2,107,479,.199,.218,.281,.295,.364,.424,.286,.315,22,.237,.165,22.3,87.4,92.3,16,158,40.0,12.9,8.3
"Higashioka, Kyle",1033,1033,100.0,283,261,204,63,39,7,0,17,63,22.3,15,5.3,143,521,.241,.249,.281,.288,.464,.435,.319,.312,23,.249,.222,27.4,90.3,92.8,18,159,48.5,11.3,8.1
"Engel, Adam",1029,1029,100.0,279,263,185,59,43,13,1,2,79,28.3,11,3.9,163,495,.224,.219,.266,.261,.304,.287,.254,.246,3,.313,.080,32.9,87.8,91.6,15,150,31.9,1.6,1.1
"Friedl, TJ",1024,1024,100.0,274,241,205,59,33,11,5,10,42,15.3,20,7.3,91,451,.245,.215,.314,.295,.456,.335,.331,.283,9,.251,.212,20.2,84.0,91.1,18,154,27.8,4.4,3.3
"Wade Jr., LaMonte",1016,1016,100.0,262,226,174,48,29,9,1,9,55,21.0,27,10.3,85,457,.212,.218,.312,.314,.381,.404,.308,.319,17,.239,.168,18.6,87.2,91.4,20,159,33.9,9.8,6.5
"Alcántara, Sergio",1013,1013,100.0,242,221,165,47,31,9,1,6,62,25.6,13,5.4,106,436,.213,.209,.258,.254,.344,.291,.263,.244,4,.261,.131,24.3,85.8,90.3,13,157,32.1,2.4,1.7
"Machín, Vimael",1007,1007,100.0,256,226,181,49,36,12,0,1,48,18.8,25,9.8,82,452,.217,.243,.297,.323,.283,.343,.264,.301,7,.267,.066,18.1,89.3,91.0,10,164,38.7,3.9,2.7
"Hilliard, Sam",1003,1003,100.0,238,207,138,38,28,6,1,3,72,30.3,27,11.3,160,443,.184,.216,.277,.312,.266,.361,.250,.303,15,.259,.082,36.1,92.5,92.7,14,161,47.8,10.9,6.3
"Duffy, Matt",998,998,100.0,268,246,193,64,52,9,0,3,53,19.8,20,7.5,99,460,.260,.234,.321,.293,.333,.333,.294,.280,5,.321,.073,21.5,86.8,90.4,10,162,24.4,2.6,1.9
"Garver, Mitch",991,991,100.0,242,215,160,47,27,8,0,12,57,23.6,23,9.5,108,430,.219,.222,.298,.313,.423,.405,.314,.319,12,.236,.205,25.1,89.1,91.8,19,166,34.4,7.5,5.0
"Pache, Cristian",988,988,100.0,301,277,200,48,35,7,3,3,80,26.6,18,6.0,162,508,.173,.228,.232,.276,.253,.300,.219,.259,6,.232,.079,31.9,88.0,92.0,3,119,35.5,3.0,2.0
"Dubón, Mauricio",985,985,100.0,294,268,242,59,39,13,0,7,35,11.9,16,5.4,87,552,.220,.240,.261,.280,.347,.331,.265,.272,5,.224,.127,15.8,83.7,90.6,16,154,27.3,2.1,1.7
"Hampson, Garrett",978,978,100.0,262,232,168,50,32,12,3,3,70,26.7,23,8.8,112,440,.216,.202,.286,.282,.332,.290,.274,.261,7,.290,.116,25.5,83.5,90.3,8,148,26.2,4.2,2.7
"Miller, Brad",977,977,100.0,272,253,172,58,43,5,0,10,82,30.1,18,6.6,186,506,.229,.205,.279,.264,.368,.344,.285,.269,12,.296,.138,36.8,90.8,91.9,14,155,35.5,7.0,4.4
"Tsutsugo, Yoshi",974,974,100.0,223,194,139,37,27,7,0,3,59,26.5,25,11.2,95,432,.191,.197,.278,.275,.273,.285,.252,.254,8,.250,.082,22.0,89.1,90.7,11,165,35.3,5.8,3.6
"Gregorius, Didi",955,955,100.0,271,249,211,53,36,10,4,3,40,14.8,15,5.5,141,572,.213,.237,.269,.288,.321,.327,.262,.275,7,.240,.108,24.7,84.8,90.4,17,146,25.1,3.3,2.6
"Higgins, P.J.",947,947,100.0,244,212,156,47,29,11,1,6,61,25.0,24,9.8,112,408,.222,.205,.307,.290,.368,.287,.300,.264,5,.279,.146,27.5,83.8,90.4,8,148,23.7,3.2,2.0
"Meneses, Joey",942,942,100.0,242,226,176,74,46,14,0,14,52,21.5,13,5.4,106,458,.327,.267,.364,.310,.575,.457,.401,.332,18,.370,.248,23.1,91.5,92.3,10,159,46.6,10.2,7.4
"Barnes, Austin",933,933,100.0,236,201,160,44,27,8,0,9,44,18.6,29,12.3,74,394,.219,.214,.325,.325,.393,.336,.319,.301,7,.235,.174,18.8,86.4,91.0,14,154,35.0,4.4,3.0
"Duran, Jarren",931,931,100.0,244,222,154,51,30,15,3,3,69,28.3,17,7.0,137,471,.230,.223,.295,.285,.365,.358,.291,.286,11,.318,.135,29.1,87.4,91.0,7,146,35.7,7.1,4.5
"Gonzalez, Marwin",928,928,100.0,233,209,152,43,26,8,0,9,62,26.6,15,6.4,111,459,.206,.216,.270,.284,.373,.343,.282,.281,9,.243,.167,24.2,87.3,91.3,20,153,37.5,5.9,3.9
"Chirinos, Robinson",914,914,100.0,238,210,138,38,22,10,0,6,74,31.1,22,9.2,157,462,.181,.168,.270,.255,.314,.281,.264,.245,9,.244,.133,34.0,83.6,90.7,18,143,31.9,6.5,3.8
"Lowe, Josh",912,912,100.0,222,204,133,44,28,12,2,2,73,32.9,14,6.3,144,433,.216,.212,.271,.272,.324,.339,.264,.272,7,.323,.108,33.3,88.1,90.8,11,172,34.6,5.3,3.2
"Hummel, Cooper",912,912,100.0,233,200,131,36,21,8,3,4,70,30.0,31,13.3,99,365,.180,.210,.292,.307,.310,.332,.274,.292,8,.252,.130,27.1,87.3,91.8,7,132,31.3,6.1,3.4
"Villar, Jonathan",908,908,100.0,240,221,162,44,32,7,2,3,62,25.8,16,6.7,162,470,.199,.208,.251,.262,.290,.283,.241,.247,4,.259,.090,34.5,88.5,91.9,-1,136,36.4,2.5,1.7
"Zavala, Seby",906,906,100.0,221,192,131,52,34,15,0,3,66,29.9,21,9.5,181,488,.271,.207,.349,.295,.396,.326,.329,.283,11,.392,.125,37.1,87.7,90.9,21,166,33.6,8.4,5.0
"Madrigal, Nick",897,897,100.0,246,226,200,57,47,9,0,1,28,11.4,15,6.1,41,405,.252,.256,.307,.313,.305,.311,.276,.283,0,.284,.053,10.1,85.1,90.2,-1,131,22.0,0.0,0.0
"Mitchell, Cal",885,885,100.0,241,221,166,50,33,12,0,5,57,23.7,18,7.5,123,445,.226,.238,.283,.297,.348,.358,.279,.292,8,.281,.122,27.6,89.6,91.4,7,146,41.6,4.8,3.3
"Nevin, Tyler",885,885,100.0,219,187,139,38,30,5,0,3,51,23.3,25,11.4,104,404,.203,.214,.306,.316,.278,.326,.270,.293,4,.257,.075,25.7,87.5,90.9,17,156,34.5,2.9,1.8
"VanMeter, Josh",874,874,100.0,213,191,138,34,24,5,2,3,55,25.8,20,9.4,74,331,.178,.224,.254,.301,.272,.341,.238,.288,6,.230,.094,22.4,87.9,91.1,14,156,33.3,4.3,2.8
"Cabrera, Oswaldo",873,873,100.0,211,192,134,42,23,10,1,8,60,28.4,17,8.1,127,451,.219,.215,.281,.277,.406,.352,.299,.278,10,.272,.188,28.2,87.1,90.8,20,172,37.3,7.5,4.7
"Fortes, Nick",869,869,100.0,246,223,178,51,35,6,1,9,45,18.3,18,7.3,88,389,.229,.246,.301,.319,.386,.394,.304,.317,12,.249,.157,22.6,89.0,91.9,15,161,37.1,6.7,4.9
"Kiermaier, Kevin",861,861,100.0,236,219,156,50,34,9,0,7,63,26.7,16,6.8,142,449,.228,.250,.284,.301,.365,.388,.287,.305,10,.289,.137,31.6,87.8,91.1,6,137,35.9,6.4,4.2
"Vargas, Ildemaro",860,860,100.0,257,242,216,66,44,15,1,6,28,10.9,10,3.9,55,423,.273,.227,.309,.265,.417,.305,.316,.255,4,.287,.145,13.0,85.9,91.0,6,145,25.9,1.9,1.6
"Almora Jr., Albert",857,857,100.0,241,220,175,51,35,10,1,5,47,19.5,18,7.5,105,443,.232,.233,.292,.292,.355,.307,.286,.270,3,.272,.123,23.7,83.4,90.4,7,128,24.6,1.7,1.2
"Pratto, Nick",854,854,100.0,204,173,102,34,15,9,2,8,75,36.8,25,12.3,138,383,.197,.173,.300,.266,.410,.322,.311,.267,12,.280,.214,36.0,85.3,90.8,18,167,34.3,11.8,5.9
"Maile, Luke",853,853,100.0,216,188,136,43,29,11,0,3,55,25.5,22,10.2,108,383,.229,.194,.315,.281,.335,.301,.292,.265,7,.301,.106,28.2,84.5,90.5,17,153,25.0,5.1,3.2
"Chang, Yu",849,849,100.0,228,204,136,46,30,10,0,6,70,30.7,18,7.9,121,415,.225,.213,.298,.294,.363,.357,.293,.290,11,.308,.137,29.2,88.8,91.6,14,159,30.9,8.1,4.8
"Serven, Brian",848,848,100.0,223,201,156,41,29,4,1,7,48,21.5,14,6.3,125,456,.204,.212,.271,.271,.338,.291,.272,.254,4,.231,.134,27.4,83.7,90.4,12,142,28.8,2.6,1.8
"Camargo, Johan",840,840,100.0,203,187,146,44,35,5,0,4,42,20.7,14,6.9,103,411,.235,.225,.292,.286,.326,.309,.277,.267,5,.284,.091,25.1,86.7,90.8,11,142,30.1,3.4,2.5
"Kelenic, Jarred",835,835,100.0,236,214,139,34,17,6,1,10,77,32.6,19,8.1,139,414,.159,.169,.229,.242,.336,.335,.249,.257,14,.186,.178,33.6,86.5,91.6,16,145,31.7,10.1,5.9
"Rendon, Anthony",831,831,100.0,219,191,152,46,27,13,0,6,41,18.7,24,11.0,67,355,.241,.241,.329,.343,.403,.392,.323,.331,13,.274,.162,18.9,89.5,92.1,19,180,36.8,8.6,5.9
"Velázquez, Nelson",828,828,100.0,213,192,122,38,22,7,3,6,70,32.9,19,8.9,152,401,.198,.209,.277,.291,.359,.399,.282,.305,16,.276,.161,37.9,89.2,91.8,12,153,41.8,13.1,7.5
"Azocar, José",827,827,100.0,243,225,174,59,44,11,3,1,53,21.8,15,6.2,115,460,.262,.241,.310,.285,.351,.317,.292,.272,4,.337,.089,25.0,86.1,90.6,10,147,28.2,2.3,1.6
"Duran, Ezequiel",821,821,100.0,234,220,163,54,36,10,1,7,58,24.8,13,5.6,139,461,.245,.216,.286,.259,.395,.317,.297,.256,7,.301,.150,30.2,85.8,91.4,10,128,30.1,4.3,3.0
"McKinstry, Zach",820,820,100.0,201,180,127,37,22,7,3,5,55,27.4,17,8.5,82,388,.206,.229,.281,.300,.361,.342,.284,.288,5,.267,.156,21.1,85.4,90.3,11,162,29.1,3.9,2.5
"Casali, Curt",817,817,100.0,194,164,113,36,24,6,1,5,53,27.3,26,13.4,107,393,.220,.189,.330,.309,.360,.325,.310,.289,6,.287,.140,27.2,87.2,90.6,25,153,34.5,5.3,3.1
"Carpenter, Matt",812,812,100.0,186,158,114,44,19,10,0,15,48,25.8,19,10.2,94,351,.278,.212,.368,.322,.627,.446,.417,.336,13,.296,.348,26.8,88.4,91.2,20,172,38.6,11.4,7.0
"Refsnyder, Rob",809,809,100.0,208,180,126,52,32,13,0,7,57,27.4,18,8.7,95,350,.289,.286,.370,.371,.478,.472,.368,.374,13,.378,.189,27.1,90.3,91.9,13,165,42.1,10.3,6.3
"La Stella, Tommy",803,803,100.0,200,184,157,46,28,15,0,3,30,15.0,12,6.0,54,327,.250,.232,.295,.276,.380,.329,.294,.267,3,.279,.130,16.5,87.9,91.3,15,158,31.2,1.9,1.5
"Bride, Jonah",802,802,100.0,189,162,133,33,28,4,0,1,32,16.9,20,10.6,49,287,.204,.217,.303,.314,.247,.300,.258,.282,2,.244,.043,17.1,86.4,91.2,12,150,30.8,1.5,1.1
"Larnach, Trevor",796,796,100.0,199,177,116,42,21,14,0,7,63,31.7,20,10.1,131,329,.237,.227,.312,.299,.435,.442,.324,.322,13,.321,.198,39.8,90.1,92.8,13,165,43.1,11.2,6.5
"Stephenson, Tyler",793,793,100.0,221,197,149,65,46,13,0,6,50,22.6,17,7.7,91,352,.330,.260,.394,.323,.487,.394,.384,.318,8,.413,.157,25.9,87.1,91.0,11,161,28.2,5.4,3.6
"Mazara, Nomar",783,783,100.0,207,188,142,47,35,9,0,3,47,22.7,15,7.2,97,366,.250,.250,.314,.303,.346,.357,.295,.294,5,.317,.096,26.5,85.9,91.1,17,153,27.5,3.5,2.4
"Bryant, Kris",779,779,100.0,207,184,153,56,35,16,0,5,33,15.9,19,9.2,80,365,.304,.279,.372,.352,.473,.426,.367,.344,9,.345,.168,21.9,84.9,90.9,13,151,30.1,5.9,4.3
"Cave, Jake",777,777,100.0,200,185,128,40,23,9,3,5,59,29.5,13,6.5,146,394,.216,.213,.265,.261,.378,.395,.279,.285,12,.285,.162,37.1,90.4,92.0,15,173,41.4,9.4,6.0
"Sosa, Edmundo",769,769,100.0,219,201,144,48,29,13,4,2,60,27.4,7,3.2,135,436,.239,.238,.289,.286,.373,.346,.290,.281,8,.326,.134,31.0,86.1,91.0,11,147,27.8,5.6,3.7
"Díaz, Lewin",766,766,100.0,184,168,115,28,18,5,0,5,55,29.9,13,7.1,95,351,.167,.167,.228,.223,.286,.262,.230,.219,6,.209,.119,27.1,88.1,91.2,16,166,27.8,5.2,3.3
"Fletcher, David",760,760,100.0,251,238,224,62,47,12,1,2,17,6.8,7,2.8,44,379,.261,.285,.289,.317,.345,.344,.279,.295,0,.273,.084,11.6,80.6,89.4,14,156,6.7,0.0,0.0
"Plawecki, Kevin",756,756,100.0,212,192,159,43,33,8,0,2,35,16.5,16,7.5,71,359,.224,.228,.289,.294,.297,.299,.265,.268,0,.263,.073,19.8,88.5,91.3,12,136,33.3,0.0,0.0
"McCann, James",753,753,100.0,205,188,141,37,27,7,0,3,49,23.9,11,5.4,112,392,.197,.237,.254,.295,.282,.411,.241,.309,10,.246,.085,28.6,89.6,91.6,15,158,38.3,7.1,4.9
"Torrens, Luis",749,749,100.0,199,183,129,47,39,4,0,4,57,28.6,12,6.0,96,366,.257,.236,.302,.299,.344,.333,.285,.284,5,.344,.087,26.2,90.6,91.5,9,160,39.5,3.9,2.5
"Villar, David",749,749,100.0,192,167,106,37,21,6,1,9,62,32.3,18,9.4,124,336,.222,.187,.318,.294,.431,.325,.329,.283,9,.289,.210,36.9,86.8,90.8,18,159,34.0,8.5,4.7
"Brosseau, Mike",749,749,100.0,191,169,112,42,30,5,0,7,57,29.8,17,8.9,126,369,.249,.213,.335,.307,.402,.359,.328,.300,8,.333,.154,34.1,89.1,91.0,15,158,34.8,7.1,4.2
"Lowrie, Jed",747,747,100.0,196,178,139,35,26,6,0,3,41,20.9,16,8.2,90,357,.197,.197,.260,.264,.281,.281,.244,.247,4,.235,.084,25.2,85.8,90.5,16,163,28.8,2.9,2.0
"Olivares, Edward",746,746,100.0,212,195,158,63,42,13,1,7,39,18.4,12,5.7,93,393,.323,.288,.368,.339,.508,.433,.378,.339,10,.371,.185,23.7,89.5,92.0,7,142,32.3,6.3,4.7
"Massey, Michael",742,742,100.0,207,186,142,47,31,11,1,4,48,23.2,9,4.3,115,412,.253,.243,.312,.310,.387,.450,.308,.332,17,.316,.134,27.9,86.7,91.5,15,150,35.2,12.0,8.2
"Vogt, Stephen",739,739,100.0,205,181,135,29,17,4,1,7,50,24.4,18,8.8,98,350,.160,.211,.239,.287,.309,.350,.244,.282,10,.172,.149,28.0,86.5,90.9,21,167,25.9,7.4,4.9
"Haggerty, Sam",738,738,100.0,201,179,129,46,31,9,1,5,53,26.4,15,7.5,102,365,.257,.230,.325,.303,.402,.330,.320,.285,5,.333,.145,27.9,83.4,90.4,12,140,24.0,3.9,2.5
"Herrera, Odúbel",737,737,100.0,197,185,144,44,29,9,1,5,42,21.3,11,5.6,93,388,.238,.225,.279,.268,.378,.348,.287,.272,7,.281,.141,24.0,86.3,91.9,3,126,37.5,4.9,3.6
"Montero, Elehuris",736,736,100.0,210,199,134,47,23,16,1,7,65,31.0,10,4.8,134,383,.236,.213,.276,.251,.432,.338,.306,.260,11,.315,.196,35.0,89.7,92.1,14,165,36.6,8.2,5.2
"Burger, Jake",719,719,100.0,203,188,129,48,26,11,1,10,61,30.0,10,4.9,136,389,.255,.225,.302,.277,.484,.460,.338,.318,17,.322,.229,35.0,90.3,92.2,13,168,38.0,13.2,8.4
"Wynns, Austin",716,716,100.0,180,165,129,42,32,7,0,3,38,21.1,10,5.6,71,312,.255,.223,.307,.279,.352,.318,.293,.267,5,.312,.097,22.8,83.9,90.8,10,140,27.1,3.9,2.8
"Wade, Tyler",715,715,100.0,199,178,142,44,37,5,1,1,41,20.6,15,7.5,73,344,.247,.212,.309,.267,.303,.278,.277,.248,3,.316,.056,21.2,76.2,89.5,7,140,14.8,2.1,1.5
"McKenna, Ryan",709,709,100.0,204,186,128,41,25,12,0,4,61,29.9,13,6.4,126,365,.220,.210,.277,.267,.349,.334,.277,.267,11,.303,.129,34.5,84.4,90.8,16,153,27.3,8.6,5.4
"Leblanc, Charles",704,704,100.0,171,158,104,41,27,10,0,4,54,31.6,12,7.0,83,314,.259,.218,.316,.278,.399,.368,.314,.285,9,.370,.139,26.4,86.9,91.0,16,151,32.7,8.7,5.3
"Marcano, Tucupita",697,697,100.0,185,166,128,34,23,6,2,3,45,24.3,11,5.9,67,318,.205,.172,.256,.224,.319,.239,.253,.210,2,.258,.114,21.1,82.1,89.7,10,140,17.2,1.6,1.1
"Clement, Ernie",691,691,100.0,211,193,167,44,34,8,0,2,30,14.2,12,5.7,60,356,.228,.235,.278,.290,.301,.328,.258,.277,6,.258,.073,16.9,83.6,90.0,11,144,22.2,3.6,2.8
"Smith, Dominic",690,690,100.0,184,160,118,37,20,13,2,2,44,23.9,17,9.2,89,316,.231,.219,.321,.299,.375,.360,.308,.293,8,.302,.144,28.2,89.2,91.7,12,157,42.4,6.8,4.3
"Kirilloff, Alex",688,688,100.0,186,170,130,44,32,9,0,3,44,23.7,7,3.8,76,346,.259,.228,.297,.270,.365,.365,.289,.278,7,.323,.106,22.0,89.3,91.6,5,147,41.5,5.4,3.8
"Garlick, Kyle",686,686,100.0,193,177,123,36,24,3,0,9,55,28.5,11,5.7,119,341,.203,.227,.264,.279,.373,.423,.280,.305,10,.237,.169,34.9,90.0,92.9,14,154,43.1,8.1,5.2
"Ford, Mike",684,684,100.0,175,154,107,32,21,7,0,4,47,26.9,20,11.4,56,248,.208,.210,.303,.306,.331,.302,.287,.278,4,.272,.123,22.6,89.0,92.1,18,163,29.0,3.7,2.3
"Barrero, Jose",679,679,100.0,174,165,89,25,20,3,0,2,76,43.7,9,5.2,151,390,.152,.140,.195,.185,.206,.211,.183,.180,2,.264,.055,38.7,86.8,91.0,18,138,34.8,2.2,1.1
"Adams, Riley",679,679,100.0,174,158,106,28,17,4,0,7,52,29.9,15,8.6,92,304,.177,.197,.253,.265,.335,.350,.262,.274,11,.212,.158,30.3,90.3,92.3,13,139,44.3,10.4,6.3
"Thompson, Bubba",676,676,100.0,192,179,124,49,39,7,0,3,57,29.7,9,4.7,125,390,.274,.171,.316,.212,.363,.234,.301,.203,3,.387,.089,32.1,77.7,89.9,2,120,21.0,2.4,1.6
"Cain, Lorenzo",661,661,100.0,175,161,121,29,23,5,0,1,41,23.4,11,6.3,91,347,.180,.200,.240,.250,.230,.253,.216,.230,0,.233,.050,26.2,87.9,90.9,4,126,33.1,0.0,0.0
"Delay, Jason",653,653,100.0,167,155,106,33,26,6,0,1,50,29.9,9,5.4,111,356,.213,.200,.265,.253,.271,.251,.243,.230,2,.308,.058,31.2,84.5,89.9,15,148,28.3,1.9,1.2
"Meyers, Jake",645,645,100.0,162,152,97,34,25,6,2,1,56,34.6,7,4.3,96,303,.224,.203,.265,.251,.309,.288,.254,.248,5,.344,.086,31.7,86.0,90.9,7,142,37.1,5.2,3.1
"Bruján, Vidal",642,642,100.0,176,159,122,25,17,5,0,3,39,22.2,14,8.0,70,327,.157,.189,.227,.255,.245,.255,.215,.235,3,.185,.088,21.4,86.1,90.7,15,143,25.4,2.5,1.7
"Meadows, Austin",635,635,100.0,172,151,131,37,27,8,2,0,20,11.6,18,10.5,38,269,.245,.308,.337,.398,.325,.460,.301,.380,7,.282,.079,14.1,87.9,91.8,17,153,33.6,5.3,4.1
"Smith, Kevin",635,635,100.0,194,179,134,38,19,12,2,5,50,25.8,10,5.2,105,350,.212,.186,.251,.223,.385,.319,.274,.236,8,.262,.173,30.0,85.1,91.0,14,152,25.4,6.0,4.1
"Heineman, Tyler",633,633,100.0,187,170,156,40,31,9,0,0,18,9.6,8,4.3,54,351,.235,.248,.290,.305,.288,.293,.262,.273,0,.263,.053,15.4,78.6,89.8,17,146,13.5,0.0,0.0
"Allen, Greg",628,628,100.0,160,135,95,27,18,4,1,4,44,27.5,14,8.8,81,282,.200,.176,.306,.251,.333,.246,.290,.229,3,.261,.133,28.7,84.8,90.9,6,139,31.6,3.2,1.9
"Suzuki, Kurt",623,623,100.0,169,148,121,26,17,4,0,5,30,17.8,16,9.5,61,297,.176,.191,.262,.276,.304,.281,.255,.255,5,.183,.128,20.5,85.0,90.7,24,160,26.4,4.1,3.0
"Heyward, Jason",621,621,100.0,177,160,117,31,23,5,2,1,43,24.3,14,7.9,90,307,.194,.218,.271,.290,.269,.322,.247,.278,5,.259,.075,29.3,87.4,91.8,14,140,34.2,4.3,2.8
"Grissom, Vaughn",615,615,100.0,166,152,113,45,32,8,0,5,40,24.1,10,6.0,92,325,.296,.254,.349,.318,.447,.403,.348,.320,8,.370,.151,28.3,84.6,90.6,9,146,32.7,7.1,4.8
"Hall, Darick",605,605,100.0,161,154,106,39,18,10,1,10,48,29.8,6,3.7,104,318,.253,.232,.286,.264,.526,.462,.346,.312,18,.302,.273,32.7,91.9,92.6,17,168,44.3,17.0,11.2
"Andujar, Miguel",599,599,100.0,165,155,126,38,28,7,1,2,32,19.4,7,4.2,69,305,.245,.253,.273,.281,.342,.351,.268,.281,6,.290,.097,22.6,85.9,91.9,11,160,34.1,4.8,3.6
"O'Hearn, Ryan",599,599,100.0,177,165,126,44,32,8,1,3,40,22.6,9,5.1,73,307,.267,.274,.311,.324,.382,.428,.304,.330,8,.333,.115,23.8,91.8,92.6,13,150,39.7,6.3,4.5
"Langeliers, Shea",596,596,100.0,160,149,95,32,15,10,1,6,56,35.0,9,5.6,143,328,.215,.197,.256,.245,.416,.341,.288,.259,9,.292,.201,43.6,87.3,92.7,17,161,36.8,9.5,5.6
"Moran, Colin",593,593,100.0,162,141,105,29,18,6,0,5,39,24.1,17,10.5,89,307,.206,.233,.290,.328,.355,.383,.286,.318,8,.240,.149,29.0,90.9,91.3,11,163,34.3,7.6,4.9
"Escobar, Alcides",593,593,100.0,163,154,118,32,25,4,2,1,36,22.1,7,4.3,70,321,.208,.210,.252,.252,.279,.264,.237,.233,1,.265,.071,21.8,82.0,89.5,16,146,14.4,0.8,0.6
"Piscotty, Stephen",588,588,100.0,157,142,93,29,18,6,0,5,51,32.5,11,7.0,133,326,.204,.216,.268,.273,.352,.352,.273,.275,5,.273,.148,40.8,90.4,91.4,10,156,39.8,5.4,3.2
"Lopez, Alejo",587,587,100.0,165,155,131,39,32,5,1,1,24,14.5,8,4.8,50,302,.252,.249,.297,.299,.316,.329,.274,.280,1,.292,.065,16.6,83.8,89.9,9,139,19.1,0.8,0.6
"Stubbs, Garrett",587,587,100.0,142,126,90,32,21,4,1,6,37,26.1,15,10.6,55,243,.254,.207,.333,.300,.444,.299,.340,.275,4,.313,.190,22.6,80.4,90.3,9,139,24.4,4.4,2.8
"Williams, Luke",578,578,100.0,152,143,95,35,26,6,1,2,48,31.6,9,5.9,91,297,.245,.198,.289,.245,.343,.272,.280,.233,3,.355,.098,30.6,81.2,89.8,18,148,20.0,3.2,2.0
"Trejo, Alan",577,577,100.0,155,148,109,39,26,9,0,4,39,25.2,5,3.2,85,317,.264,.242,.297,.285,.405,.375,.306,.291,6,.333,.142,26.8,87.0,90.3,15,166,29.4,5.5,3.9
"Alberto, Hanser",573,573,100.0,184,178,151,44,29,11,2,2,27,14.7,4,2.2,88,352,.247,.216,.272,.231,.365,.304,.277,.234,2,.282,.118,25.0,81.6,90.1,10,140,17.9,1.3,1.1
"Call, Alex",571,571,100.0,132,115,85,27,18,3,1,5,30,22.7,15,11.4,63,255,.235,.212,.333,.314,.409,.294,.329,.281,1,.275,.174,24.7,85.7,90.7,18,154,30.6,1.2,0.8
"Romine, Austin",567,567,100.0,153,142,96,23,17,3,0,3,48,31.4,8,5.2,98,300,.162,.159,.212,.190,.246,.248,.207,.195,4,.220,.085,32.7,86.0,91.1,8,139,30.2,4.2,2.6
"Clemens, Kody",565,565,100.0,142,131,98,21,11,4,0,6,35,24.6,9,6.3,81,298,.160,.196,.211,.244,.328,.328,.235,.252,7,.163,.168,27.2,90.3,91.4,15,161,40.8,7.1,4.9
"Madris, Bligh",561,561,100.0,144,132,98,27,14,9,0,4,34,23.6,12,8.3,68,261,.205,.211,.271,.275,.364,.309,.280,.262,7,.245,.159,26.1,89.2,91.9,12,144,41.8,7.1,4.9
"Garcia, Dérmis",560,560,100.0,137,127,67,26,15,6,0,5,60,43.8,9,6.6,132,291,.205,.167,.263,.227,.370,.324,.278,.244,8,.339,.165,45.4,86.5,91.5,12,147,38.8,11.9,5.8
"Pérez, Michael",560,560,100.0,152,137,101,20,13,0,0,7,38,25.0,13,8.6,75,249,.146,.205,.219,.266,.299,.359,.231,.276,8,.140,.153,30.1,87.2,91.4,18,164,33.7,7.9,5.3
"Beer, Seth",560,560,100.0,160,141,101,32,23,7,0,2,41,25.6,11,6.9,83,278,.227,.215,.313,.296,.319,.315,.287,.276,5,.303,.092,29.9,86.7,91.0,13,161,27.7,5.0,3.1
"Zunino, Mike",557,557,100.0,143,133,76,21,10,3,0,8,58,40.6,8,5.6,127,286,.158,.182,.210,.232,.361,.329,.248,.252,6,.191,.203,44.4,91.4,92.2,21,157,38.2,7.9,4.2
"Bolt, Skye",556,556,100.0,152,135,99,25,18,2,0,5,37,24.3,14,9.2,80,267,.185,.198,.270,.259,.311,.325,.262,.261,4,.213,.126,30.0,88.4,90.9,9,145,27.3,4.0,2.6
"Henderson, Gunnar",550,550,100.0,135,119,83,30,18,7,1,4,36,26.7,16,11.9,62,226,.252,.250,.341,.336,.429,.432,.338,.338,8,.329,.176,27.4,92.4,93.2,2,144,53.0,9.6,5.9
"Toglia, Michael",545,545,100.0,140,130,83,30,15,11,2,2,48,34.3,9,6.4,85,262,.231,.218,.279,.276,.392,.305,.291,.261,8,.346,.162,32.4,88.4,91.9,16,161,41.0,9.6,5.7
"Palacios, Richie",537,537,100.0,134,122,100,29,23,6,0,0,23,17.2,10,7.5,46,260,.238,.244,.299,.302,.287,.310,.265,.277,1,.290,.049,17.7,84.4,90.2,13,144,20.0,1.0,0.7
"Herrera, Jose",536,536,100.0,143,127,96,24,22,2,0,0,35,24.5,12,8.4,48,224,.189,.152,.259,.215,.205,.180,.218,.186,0,.261,.016,21.4,81.3,89.4,2,116,11.5,0.0,0.0
"Ibáñez, Andy",533,533,100.0,163,148,124,36,26,6,1,3,25,15.3,12,7.4,50,259,.243,.214,.307,.270,.358,.344,.295,.272,6,.273,.115,19.3,87.9,91.5,14,151,32.3,4.8,3.7
"Mercado, Óscar",533,533,100.0,164,156,118,33,17,8,2,6,39,23.8,6,3.7,93,316,.212,.203,.244,.239,.404,.350,.278,.258,7,.241,.192,29.4,86.4,91.0,22,152,23.7,5.9,4.3
"Moniak, Mickey",527,527,100.0,149,143,92,32,15,7,1,9,52,34.9,4,2.7,114,308,.224,.158,.250,.196,.476,.265,.310,.206,11,.280,.252,37.0,86.2,92.0,17,145,38.0,12.0,7.4
"Zimmer, Bradley",520,520,100.0,152,137,77,18,10,5,1,2,61,40.1,6,3.9,116,278,.131,.138,.212,.220,.226,.268,.204,.225,7,.216,.095,41.7,82.3,91.0,6,133,29.9,9.1,4.6
"Garcia, Aramis",518,518,100.0,139,130,93,29,21,2,0,6,39,28.1,5,3.6,78,267,.223,.212,.263,.246,.377,.314,.280,.247,2,.271,.154,29.2,85.7,91.3,17,146,30.1,2.2,1.4
"Eaton, Nate",516,516,100.0,141,124,94,32,23,5,3,1,34,24.1,11,7.8,68,261,.258,.233,.321,.307,.371,.352,.304,.297,4,.337,.113,26.1,85.6,90.4,13,179,24.5,4.3,2.8
"Carroll, Corbin",515,515,100.0,129,115,81,29,13,10,2,4,34,26.4,11,8.5,67,225,.252,.221,.333,.295,.478,.359,.351,.293,4,.325,.226,29.8,86.0,91.1,9,141,32.1,4.9,3.1
"Collins, Zack",510,510,100.0,122,109,65,17,9,4,0,4,45,36.9,11,9.0,79,213,.156,.181,.238,.256,.303,.317,.242,.257,5,.213,.147,37.1,90.9,91.8,20,172,35.4,7.7,4.1
"White, Eli",508,508,100.0,140,127,78,27,19,3,0,5,50,35.7,12,8.6,94,243,.213,.183,.279,.261,.354,.293,.280,.255,4,.301,.142,38.7,78.8,90.8,20,151,26.9,5.1,2.9
"Lamb, Jake",508,508,100.0,140,124,79,30,15,9,1,5,45,32.1,12,8.6,70,231,.242,.215,.329,.314,.452,.390,.341,.314,7,.338,.210,30.3,91.5,91.9,15,153,32.9,8.9,5.0
"Huff, Sam",506,506,100.0,133,123,80,29,21,4,0,4,43,32.3,10,7.5,105,269,.236,.226,.293,.285,.366,.385,.292,.294,8,.329,.130,39.0,88.7,91.9,10,154,36.3,10.0,6.0
"Mendick, Danny",497,497,100.0,137,125,99,33,22,6,1,4,28,20.4,9,6.6,54,223,.264,.229,.316,.287,.424,.327,.322,.273,3,.309,.160,24.2,85.3,90.6,9,146,18.2,3.0,2.2
"Bote, David",494,494,100.0,127,116,72,30,18,8,0,4,45,35.4,6,4.7,74,221,.259,.229,.315,.290,.431,.351,.325,.287,5,.382,.172,33.5,92.4,92.7,8,144,55.6,6.9,3.9
"Culberson, Charlie",475,475,100.0,145,136,105,34,25,7,0,2,35,24.1,5,3.4,88,287,.250,.226,.277,.258,.346,.303,.273,.251,1,.323,.096,30.7,82.9,90.4,3,137,24.8,1.0,0.7
"Adrianza, Ehire",471,471,100.0,126,112,84,20,16,4,0,0,29,23.0,12,9.5,52,218,.179,.222,.262,.306,.214,.288,.224,.274,1,.238,.036,23.9,83.0,90.4,11,131,19.0,1.2,0.8
"Canó, Robinson",468,468,100.0,131,125,98,24,20,3,0,1,27,20.6,6,4.6,60,266,.192,.209,.229,.239,.240,.299,.211,.237,3,.237,.048,22.6,88.6,92.5,5,138,39.8,3.1,2.3
"Vosler, Jason",467,467,100.0,133,119,82,29,16,8,1,4,38,28.6,11,8.3,66,228,.244,.244,.316,.320,.429,.376,.324,.312,3,.321,.185,28.9,83.8,90.6,15,147,22.0,3.7,2.3
"Gonzalez, Romy",464,464,100.0,138,130,85,30,21,4,1,4,47,34.1,5,3.6,96,251,.231,.228,.261,.248,.369,.359,.273,.265,6,.321,.138,38.2,90.9,92.4,4,149,41.2,7.1,4.3
"Sanó, Miguel",461,461,100.0,112,94,55,13,8,1,0,4,40,35.7,15,13.4,80,192,.138,.167,.268,.293,.277,.336,.253,.302,8,.176,.138,41.7,94.2,94.2,26,177,47.3,14.5,7.1
"Maton, Nick",453,453,100.0,109,93,60,25,15,4,1,5,35,32.1,13,11.9,74,211,.269,.217,.358,.317,.495,.355,.366,.305,3,.364,.226,35.1,85.7,90.7,17,157,30.0,5.0,2.8
"Trammell, Taylor",452,452,100.0,129,114,79,21,7,9,0,5,37,28.7,13,10.1,78,222,.184,.206,.266,.294,.395,.357,.288,.292,7,.219,.211,35.1,86.8,91.6,19,152,25.3,8.9,5.4
"Mathias, Mark",450,450,100.0,109,94,58,22,13,3,0,6,38,34.9,13,11.9,66,177,.234,.214,.321,.290,.457,.384,.336,.298,6,.308,.223,37.3,90.2,91.3,12,156,41.4,10.3,5.5
"Waters, Drew",448,448,100.0,114,100,58,25,12,6,1,6,42,36.8,13,11.4,74,213,.250,.198,.336,.287,.510,.379,.364,.296,7,.365,.260,34.7,84.1,90.3,10,146,27.6,12.1,6.1
"Carpenter, Kerry",447,447,100.0,116,106,74,27,16,4,1,6,33,28.4,6,5.2,64,234,.255,.211,.310,.274,.481,.397,.341,.294,8,.309,.226,27.4,87.2,90.6,15,163,35.1,10.8,6.9
"Papierski, Michael",444,444,100.0,112,98,72,14,12,1,0,1,28,25.0,12,10.7,40,192,.143,.171,.236,.253,.184,.204,.202,.217,0,.188,.041,20.8,76.3,89.1,10,129,9.7,0.0,0.0
"Steer, Spencer",443,443,100.0,113,100,72,20,13,5,0,2,28,24.8,11,9.7,42,188,.200,.209,.292,.305,.310,.308,.274,.281,4,.257,.110,22.3,84.9,91.1,13,150,31.9,5.6,3.5
"Burdick, Peyton",442,442,100.0,111,99,61,19,11,4,0,4,38,34.2,10,9.0,80,227,.192,.205,.279,.283,.354,.387,.283,.296,6,.263,.162,35.2,89.5,91.4,19,176,39.3,9.8,5.4
"Ríos, Edwin",439,439,100.0,121,110,68,28,16,2,0,10,42,34.7,10,8.3,77,220,.255,.225,.322,.268,.545,.457,.372,.312,9,.310,.291,35.0,89.5,91.4,13,174,36.8,13.2,7.4
"Fairchild, Stuart",438,438,100.0,118,104,69,26,16,4,1,5,35,29.7,8,6.8,76,214,.250,.221,.339,.313,.452,.396,.347,.317,6,.328,.202,35.5,87.5,91.2,12,148,37.7,8.7,5.1
"Bouchard, Sean",438,438,100.0,103,79,51,22,13,6,0,3,29,28.2,21,20.4,55,171,.278,.244,.437,.421,.468,.349,.400,.360,1,.396,.190,32.2,89.7,91.6,16,156,39.2,2.0,1.0
"Kreidler, Ryan",432,432,100.0,103,89,62,16,12,2,0,2,31,30.1,9,8.7,62,209,.180,.211,.257,.276,.270,.340,.240,.273,4,.241,.090,29.7,87.1,90.6,11,147,33.9,6.5,3.9
"Stowers, Kyle",431,431,100.0,122,112,74,25,16,4,1,4,38,31.1,7,5.7,89,241,.223,.269,.287,.321,.384,.450,.296,.337,8,.300,.161,36.9,91.9,92.7,16,164,47.3,10.8,6.6
"Casas, Triston",422,422,100.0,98,78,54,15,9,1,0,5,24,24.5,20,20.4,44,160,.192,.193,.357,.354,.397,.356,.340,.325,4,.204,.205,27.5,86.0,91.4,3,153,40.7,7.4,4.1
"Tucker, Cole",422,422,100.0,103,100,67,22,15,3,2,2,33,32.0,3,2.9,50,194,.220,.183,.243,.183,.350,.275,.257,.198,6,.308,.130,25.8,85.1,90.2,7,145,29.9,9.0,5.8
"Pérez, Roberto",421,421,100.0,99,86,53,19,13,3,0,3,34,34.3,12,12.1,66,178,.221,.212,.313,.314,.360,.376,.301,.308,5,.320,.140,37.1,87.7,91.8,5,154,41.5,9.4,5.1
"Vavra, Terrin",418,418,100.0,113,95,76,25,21,2,1,1,21,18.6,15,13.3,46,203,.263,.268,.363,.351,.337,.357,.317,.321,1,.320,.074,22.7,86.1,90.2,9,161,22.4,1.3,0.9
"Solak, Nick",418,418,100.0,123,108,83,25,17,2,0,6,26,21.1,9,7.3,44,179,.231,.242,.320,.338,.417,.409,.326,.335,6,.250,.185,24.6,85.4,92.1,7,141,27.7,7.2,4.9
"Demeritte, Travis",415,415,100.0,113,105,68,22,17,2,0,3,38,33.6,7,6.2,77,189,.210,.211,.257,.261,.314,.333,.253,.263,4,.292,.105,40.7,88.8,92.1,10,139,32.4,5.9,3.5
"León, Sandy",410,410,100.0,97,80,53,12,9,3,0,0,30,30.9,14,14.4,42,160,.150,.187,.274,.312,.188,.238,.225,.263,0,.235,.037,26.3,81.5,90.0,16,164,22.6,0.0,0.0
"Davis, Jonathan",408,408,100.0,106,90,58,17,16,1,0,0,33,31.1,15,14.2,50,174,.189,.218,.305,.340,.200,.262,.245,.284,0,.298,.011,28.7,83.6,89.9,2,145,19.0,0.0,0.0
"Kennedy, Buddy",408,408,100.0,107,96,70,20,13,3,2,2,28,26.2,8,7.5,42,178,.208,.199,.271,.278,.344,.284,.270,.258,2,.265,.135,23.6,88.4,90.3,13,159,30.0,2.9,1.9
"Heredia, Guillermo",403,403,100.0,105,97,61,18,9,5,1,3,36,34.3,6,5.7,80,228,.186,.160,.248,.222,.351,.289,.263,.228,5,.259,.165,35.1,87.2,91.1,16,162,27.9,8.2,4.8
"Hill, Derek",402,402,100.0,114,103,74,24,18,3,0,3,33,28.9,7,6.1,64,210,.233,.193,.279,.243,.350,.242,.277,.230,4,.309,.117,30.5,80.0,90.9,4,144,31.1,5.4,3.5
"Jones, Nolan",399,399,100.0,93,86,55,21,14,5,0,2,31,33.3,7,7.5,52,174,.244,.254,.301,.310,.372,.436,.297,.325,8,.358,.128,29.9,88.5,92.4,15,169,49.1,14.5,8.6
"Quinn, Roman",398,398,100.0,102,91,49,18,13,3,2,0,42,41.2,9,8.8,67,185,.198,.188,.284,.263,.275,.268,.256,.244,2,.367,.077,36.2,84.0,91.9,20,142,38.8,4.1,2.0
"Jung, Josh",394,394,100.0,102,98,59,20,10,4,1,5,39,38.2,4,3.9,57,185,.204,.225,.235,.255,.418,.403,.280,.287,6,.278,.214,30.8,85.5,91.0,14,158,32.2,10.2,5.9
"Castro, Jason",392,392,100.0,97,87,45,12,9,2,0,1,43,44.3,8,8.2,83,194,.138,.161,.216,.245,.195,.280,.194,.239,2,.250,.057,42.8,89.0,91.1,9,157,33.3,4.4,2.1
"Duggar, Steven",385,385,100.0,107,97,48,15,9,4,1,1,50,46.7,9,8.4,77,180,.155,.144,.224,.223,.247,.238,.214,.214,4,.298,.093,42.8,93.7,91.6,17,168,35.4,8.3,3.7
"Sierra, Magneuris",379,379,100.0,113,107,77,18,13,2,3,0,31,27.4,5,4.4,59,212,.168,.197,.205,.230,.243,.234,.199,.212,0,.237,.075,27.8,78.3,90.2,2,113,15.6,0.0,0.0
"Viloria, Meibrys",371,371,100.0,85,71,40,12,8,2,0,2,32,37.6,13,15.3,51,136,.169,.142,.294,.268,.282,.247,.267,.243,3,.263,.113,37.5,88.4,90.5,6,159,32.5,7.5,3.5
"Pinto, René",371,371,100.0,101,98,53,19,14,3,0,2,45,44.6,2,2.0,93,218,.194,.187,.218,.216,.286,.278,.222,.219,2,.333,.092,42.7,89.0,91.3,11,151,35.8,3.8,2.0
"Aranda, Jonathan",368,368,100.0,99,89,65,18,11,5,0,2,24,24.2,9,9.1,38,164,.202,.205,.283,.280,.326,.348,.274,.279,4,.254,.124,23.2,91.1,91.9,6,158,41.5,6.2,4.0
"Mercedes, Yermín",363,363,100.0,92,82,65,20,14,5,0,1,17,18.5,9,9.8,41,185,.244,.253,.326,.343,.341,.392,.301,.329,4,.297,.098,22.2,87.5,90.8,25,176,24.6,6.2,4.3
"Encarnacion, Jerar",361,361,100.0,88,84,50,16,8,4,0,4,35,39.8,3,3.4,83,197,.190,.180,.216,.216,.381,.292,.255,.228,4,.261,.190,42.1,91.0,91.4,9,165,42.0,8.0,4.5
"Hermosillo, Michael",355,355,100.0,104,85,53,14,9,4,0,1,34,32.7,10,9.6,84,186,.165,.169,.301,.296,.247,.247,.262,.259,3,.255,.082,45.2,85.4,91.2,15,160,20.8,5.7,2.9
"Stefanic, Michael",353,353,100.0,103,87,69,22,15,7,0,0,19,18.4,13,12.6,23,144,.253,.217,.363,.297,.333,.279,.318,.266,1,.324,.080,16.0,85.1,90.5,5,129,21.7,1.4,1.0
"Owings, Chris",348,348,100.0,97,84,50,12,6,5,0,1,35,36.1,11,11.3,56,151,.143,.145,.250,.286,.238,.199,.229,.238,1,.229,.095,37.1,78.1,89.6,9,114,14.0,2.0,1.0
"Palacios, Jermaine",348,348,100.0,94,86,57,13,10,1,0,2,32,34.0,5,5.3,73,204,.151,.191,.194,.230,.233,.313,.190,.237,3,.204,.081,35.8,86.3,90.4,5,139,33.3,5.3,3.2
"Hager, Jake",343,343,100.0,90,80,54,17,11,5,0,1,27,30.0,8,8.9,56,169,.212,.165,.292,.280,.313,.240,.273,.247,4,.308,.100,33.1,78.5,90.1,13,139,20.4,7.4,4.4
"Thaiss, Matt",342,342,100.0,90,79,54,17,13,1,0,3,26,28.9,10,11.1,57,165,.215,.212,.300,.308,.342,.325,.287,.289,3,.275,.127,34.5,88.5,91.3,8,141,31.5,5.6,3.3
"Freeman, Tyler",341,341,100.0,86,77,67,19,16,3,0,0,11,12.8,4,4.7,32,173,.247,.229,.314,.302,.286,.286,.274,.270,1,.284,.039,18.5,85.9,90.6,10,134,26.9,1.5,1.2
"Walton, Donovan",339,339,100.0,99,94,76,15,5,9,0,1,18,18.2,4,4.0,34,180,.160,.191,.202,.212,.287,.310,.215,.228,3,.187,.128,18.9,86.5,90.3,10,155,25.0,3.9,3.0
"Marisnick, Jake",339,339,100.0,108,102,70,22,11,7,1,3,33,30.6,4,3.7,77,209,.216,.226,.252,.255,.392,.361,.279,.270,4,.288,.176,36.8,82.7,91.3,16,153,34.3,5.7,3.7
"Jankowski, Travis",338,338,100.0,87,73,58,13,13,0,0,0,15,17.2,12,13.8,19,129,.178,.198,.310,.310,.178,.230,.244,.259,0,.224,.000,14.7,79.4,89.9,-4,91,20.7,0.0,0.0
"Mayfield, Jack",336,336,100.0,109,102,79,21,14,3,1,3,23,21.1,6,5.5,46,168,.206,.187,.257,.231,.343,.257,.264,.221,1,.237,.137,27.4,85.5,90.4,14,147,21.5,1.3,0.9
"Garrett, Stone",329,329,100.0,92,82,56,25,12,9,0,4,27,29.3,3,3.3,64,188,.305,.198,.348,.240,.561,.369,.387,.268,6,.404,.256,34.0,93.3,92.3,21,170,51.8,10.7,6.5
"Cameron, Daz",327,327,100.0,87,79,54,18,12,3,1,2,25,28.7,7,8.0,44,149,.228,.223,.299,.289,.367,.401,.295,.303,6,.308,.139,29.5,90.1,91.9,16,169,42.6,11.1,6.9
"Gosselin, Phil",327,327,100.0,85,82,56,12,11,0,1,0,26,30.6,2,2.4,43,154,.146,.177,.176,.209,.171,.254,.158,.207,1,.214,.024,27.9,86.0,90.2,14,153,32.1,1.8,1.2
"Park, Hoy",325,325,100.0,89,77,61,19,12,3,0,4,20,22.5,6,6.7,27,136,.247,.208,.302,.270,.442,.344,.320,.269,5,.273,.195,19.9,83.4,90.7,7,132,23.0,8.2,5.6
"McKinney, Billy",317,317,100.0,89,83,59,13,9,1,0,3,25,28.1,5,5.6,52,157,.157,.155,.202,.200,.277,.245,.212,.200,2,.179,.120,33.1,82.6,90.5,15,137,13.6,3.4,2.2
"Barrera, Luis",316,316,100.0,85,77,61,18,12,5,0,1,17,20.0,6,7.1,30,153,.234,.208,.294,.272,.338,.304,.280,.257,2,.283,.104,19.6,85.6,90.3,5,151,32.8,3.3,2.4
"Rojas, Jose",315,315,100.0,90,83,61,19,10,6,0,3,22,24.4,6,6.7,41,171,.229,.167,.289,.182,.410,.231,.305,.182,3,.276,.181,24.0,87.1,91.3,27,152,29.5,4.9,3.3
"Matijevic, J.J.",315,315,100.0,83,79,50,16,12,2,0,2,29,34.9,2,2.4,64,167,.203,.213,.241,.257,.304,.325,.242,.259,1,.292,.101,38.3,87.5,91.0,8,117,38.0,2.0,1.2
"Mitchell, Garrett",313,313,100.0,75,67,37,22,16,4,0,2,31,41.3,6,8.0,55,158,.328,.187,.392,.260,.478,.339,.381,.266,4,.588,.149,34.8,91.5,91.0,8,156,37.8,10.8,5.3
"Raley, Luke",307,307,100.0,81,69,42,13,9,3,0,1,28,34.6,8,9.9,65,159,.188,.177,.296,.298,.275,.296,.265,.286,5,.293,.087,40.9,88.7,91.9,16,158,38.1,11.9,6.2
"Capel, Conner",300,300,100.0,78,69,58,20,16,0,1,3,13,16.7,6,7.7,37,139,.290,.282,.346,.335,.449,.434,.344,.336,4,.309,.159,26.6,89.0,91.6,9,183,34.5,6.9,5.1
"Simmons, Andrelton",300,300,100.0,87,77,67,14,13,1,0,0,13,14.9,7,8.0,26,148,.182,.158,.250,.232,.195,.189,.209,.199,0,.219,.013,17.6,79.2,89.3,-2,109,10.4,0.0,0.0
"Stevenson, Cal",299,299,100.0,76,65,45,11,8,3,0,0,23,30.3,8,10.5,30,119,.169,.208,.257,.298,.215,.309,.221,.277,2,.256,.046,25.2,84.8,90.6,8,140,28.9,4.4,2.6
"Bemboom, Anthony",299,299,100.0,75,65,44,10,6,3,0,1,22,29.3,9,12.0,33,129,.154,.182,.257,.269,.246,.266,.235,.246,2,.214,.092,25.6,87.0,90.9,8,137,31.8,4.5,2.7
"Calhoun, Willie",298,298,100.0,99,86,74,15,8,6,0,1,12,12.1,12,12.1,19,127,.174,.215,.283,.343,.279,.327,.260,.309,1,.192,.105,15.0,89.2,92.3,16,140,25.7,1.4,1.0
"Arias, Gabriel",294,294,100.0,84,72,52,20,15,3,1,1,22,26.2,8,9.5,44,134,.278,.199,.361,.306,.389,.292,.333,.277,2,.380,.111,32.8,87.1,91.7,0,125,28.8,3.8,2.4
"Mazeika, Patrick",291,291,100.0,74,70,63,13,8,4,0,1,9,12.2,2,2.7,21,143,.186,.188,.208,.211,.286,.284,.216,.218,2,.200,.100,14.7,82.4,90.2,14,134,17.5,3.2,2.7
"Burleson, Alec",290,290,100.0,84,76,63,13,10,2,0,1,14,16.7,6,7.1,45,159,.171,.251,.238,.322,.237,.419,.218,.325,5,.194,.066,28.3,88.0,91.7,-1,134,38.1,7.9,6.0
"Benson, Will",278,278,100.0,78,69,46,13,10,1,1,1,24,30.8,6,7.7,39,122,.188,.183,.273,.250,.275,.229,.251,.225,2,.273,.087,32.0,84.2,91.6,8,144,28.3,4.3,2.6
"Groshans, Jordan",278,278,100.0,72,68,54,17,15,1,0,1,14,19.4,4,5.6,24,126,.250,.234,.292,.281,.309,.305,.269,.263,1,.302,.059,19.0,87.0,90.8,8,141,33.3,1.9,1.4
"Mondesi, Adalberto",274,274,100.0,83,77,46,13,10,0,2,1,31,37.3,6,7.2,66,152,.169,.166,.229,.228,.260,.231,.220,.211,1,.267,.091,43.4,81.3,90.6,4,125,17.4,2.2,1.2
"Upton, Justin",269,269,100.0,76,63,39,11,6,1,0,4,24,31.6,9,11.8,40,121,.175,.157,.316,.293,.381,.218,.315,.249,2,.200,.206,33.1,89.1,91.0,28,143,23.1,5.1,2.6
"Wallner, Matt",269,269,100.0,68,60,33,14,8,3,0,3,27,39.7,6,8.8,48,119,.233,.175,.324,.266,.433,.265,.333,.245,3,.367,.200,40.3,87.5,92.6,13,114,51.5,9.1,4.4
"Moreno, Gabriel",267,267,100.0,74,70,62,22,20,1,0,1,8,10.8,4,5.4,25,128,.314,.274,.351,.314,.371,.362,.321,.299,2,.344,.057,19.5,88.9,91.5,7,124,32.3,3.2,2.7
"Palacios, Joshua",264,264,100.0,64,59,39,14,9,2,1,2,20,31.3,2,3.1,38,139,.237,.208,.297,.240,.407,.247,.309,.221,1,.324,.169,27.3,83.6,90.1,7,109,33.3,2.6,1.6
"Lewis, Kyle",263,263,100.0,62,56,37,8,5,0,0,3,19,30.6,5,8.1,49,125,.143,.206,.226,.284,.304,.400,.239,.300,4,.147,.161,39.2,89.9,91.3,17,142,32.4,10.8,6.5
"Strange-Gordon, Dee",261,261,100.0,92,92,80,33,27,5,1,0,12,13.0,0,0.0,35,164,.359,.220,.359,.220,.435,.268,.345,.213,0,.412,.076,21.3,82.8,89.6,0,120,13.8,0.0,0.0
"Nuñez, Dom",261,261,100.0,67,59,44,14,12,1,0,1,17,25.4,6,9.0,24,117,.237,.156,.299,.279,.305,.243,.270,.245,1,.302,.068,20.5,84.3,89.8,18,159,25.0,2.3,1.5
"Muñoz, Yairo",259,259,100.0,77,74,61,15,10,2,0,3,13,16.9,3,3.9,43,158,.203,.226,.234,.265,.351,.328,.255,.263,2,.207,.149,27.2,84.8,91.2,2,127,32.8,3.3,2.6
"Vargas, Miguel",254,254,100.0,68,60,44,12,8,2,0,2,17,25.0,6,8.8,32,126,.200,.203,.279,.239,.333,.336,.273,.255,3,.238,.133,25.4,89.7,90.9,26,166,31.8,6.8,4.4
"Goodrum, Niko",253,253,100.0,57,55,23,7,3,4,0,0,32,56.1,2,3.5,62,141,.127,.173,.158,.210,.200,.247,.159,.205,1,.304,.073,44.0,81.8,90.1,8,126,30.4,4.3,1.8
"MacKinnon, David",252,252,100.0,57,50,34,7,7,0,0,0,17,29.8,6,10.5,27,112,.140,.208,.228,.289,.140,.280,.181,.259,1,.206,.000,24.1,85.0,89.9,8,148,20.6,2.9,1.8
"Araúz, Jonathan",252,252,100.0,80,72,53,12,9,1,0,2,21,26.3,5,6.3,31,111,.167,.255,.228,.269,.264,.385,.222,.282,3,.200,.097,27.9,85.9,92.3,14,152,22.6,5.7,3.8
"Contreras, Mark",251,251,100.0,69,64,39,7,3,1,0,3,26,37.7,3,4.3,56,151,.109,.204,.159,.240,.266,.424,.187,.304,12,.111,.156,37.1,95.0,92.3,15,144,59.0,30.8,17.4
"Frazier, Clint",247,247,100.0,80,66,44,15,9,5,0,1,22,27.5,13,16.3,30,102,.227,.203,.362,.345,.348,.292,.325,.300,1,.326,.121,29.4,83.3,91.2,17,133,18.2,2.3,1.3
"Lagares, Juan",241,241,100.0,62,60,45,11,8,2,1,0,15,24.2,2,3.2,35,127,.183,.216,.210,.241,.250,.305,.203,.242,1,.244,.067,27.6,88.4,91.9,14,156,40.0,2.2,1.6
"Wong, Connor",239,239,100.0,63,54,39,11,7,3,0,1,17,27.0,6,9.5,34,115,.204,.180,.290,.266,.315,.362,.273,.277,4,.270,.111,29.6,88.7,91.3,5,137,28.2,10.3,6.3
"Sánchez, Yolmer",238,238,100.0,68,59,46,13,12,1,0,0,16,23.5,6,8.8,29,121,.220,.135,.288,.240,.237,.179,.242,.204,0,.295,.017,24.0,81.2,89.4,16,167,10.9,0.0,0.0
"Hensley, David",237,237,100.0,56,49,35,16,11,3,1,1,14,25.0,6,10.7,29,100,.327,.219,.411,.328,.490,.359,.393,.312,1,.441,.163,29.0,88.0,91.9,-4,159,31.4,2.9,1.8
"Locastro, Tim",236,236,100.0,68,63,53,12,6,3,1,2,11,16.2,2,2.9,28,127,.190,.251,.235,.299,.365,.413,.260,.313,2,.196,.175,22.0,84.2,90.6,18,161,22.6,3.8,2.9
"Murphy, Tom",235,235,100.0,66,56,33,13,9,2,0,2,23,34.8,9,13.6,43,115,.232,.290,.338,.429,.375,.536,.320,.420,4,.355,.143,37.4,94.3,92.6,13,159,36.4,12.1,6.1
"Dickerson, Alex",231,231,100.0,66,55,41,7,3,1,0,3,15,22.7,10,15.2,34,102,.127,.221,.258,.285,.309,.395,.258,.297,2,.105,.182,33.3,90.4,92.8,19,165,29.3,4.9,3.0
"Brinson, Lewis",230,230,100.0,55,51,33,11,4,4,0,3,19,34.5,2,3.6,34,109,.216,.181,.259,.224,.471,.380,.313,.264,3,.276,.255,31.2,85.5,91.5,10,141,30.3,9.1,5.5
"Gallagher, Cam",228,228,100.0,72,64,48,16,8,6,0,2,19,26.4,5,6.9,28,116,.250,.187,.300,.241,.438,.242,.318,.220,0,.318,.188,24.1,80.7,90.4,15,149,16.7,0.0,0.0
"Davidson, Matt",228,228,100.0,70,66,43,10,4,2,1,3,23,32.9,4,5.7,36,111,.152,.188,.200,.253,.348,.417,.238,.290,5,.175,.197,32.4,89.1,93.1,15,153,25.6,11.6,7.1
"Soto, Livan",227,227,100.0,60,55,44,22,15,5,1,1,13,21.7,3,5.0,19,113,.400,.279,.424,.301,.582,.332,.429,.281,0,.500,.182,16.8,81.7,89.4,17,155,15.9,0.0,0.0
"Ahmed, Nick",224,224,100.0,59,57,41,12,7,2,0,3,16,27.1,2,3.4,29,116,.211,.191,.237,.221,.404,.292,.276,.227,2,.237,.193,25.0,85.6,90.1,8,130,29.3,4.9,3.4
"Beaty, Matt",221,221,100.0,75,65,54,9,5,2,1,1,13,17.3,2,2.7,19,103,.138,.199,.227,.267,.246,.257,.218,.243,0,.151,.108,18.4,84.0,91.4,14,141,20.4,0.0,0.0
"Barrera, Tres",219,219,100.0,62,58,41,11,9,2,0,0,18,29.0,3,4.8,32,117,.190,.167,.230,.199,.224,.214,.206,.187,0,.275,.034,27.4,81.0,89.4,18,127,12.2,0.0,0.0
"Gutiérrez, Kelvin",214,214,100.0,63,53,40,13,7,5,0,1,13,20.6,9,14.3,25,90,.245,.199,.355,.302,.396,.331,.335,.284,3,.308,.151,27.8,88.9,92.0,9,154,27.5,7.5,4.8
"Quiroz, Esteban",214,214,100.0,58,48,37,12,11,1,0,0,12,20.7,6,10.3,26,94,.250,.226,.368,.327,.271,.297,.303,.290,1,.333,.021,27.7,77.0,89.8,7,127,24.3,2.7,1.7
"González, Erik",213,213,100.0,53,48,34,9,8,1,0,0,14,26.4,5,9.4,35,114,.188,.224,.264,.300,.208,.268,.222,.263,0,.265,.021,30.7,83.3,90.0,0,142,20.6,0.0,0.0
"Robinson, Chuckie",210,210,100.0,62,60,44,8,4,2,0,2,17,27.4,1,1.6,31,123,.133,.222,.148,.222,.267,.370,.179,.255,4,.146,.133,25.2,85.0,91.2,0,130,29.5,9.1,6.5
"Downs, Jeter",208,208,100.0,53,48,22,7,5,1,0,1,27,50.9,4,7.5,50,110,.146,.137,.208,.158,.229,.181,.198,.153,0,.286,.083,45.5,82.9,89.7,19,164,18.2,0.0,0.0
"Peraza, Oswald",207,207,100.0,70,61,48,16,12,3,0,1,13,18.6,7,10.0,26,103,.262,.261,.357,.359,.361,.353,.325,.326,2,.319,.098,25.2,81.4,90.8,8,125,25.0,4.2,2.9
"Campusano, Luis",207,207,100.0,70,65,46,14,10,1,0,3,20,28.6,2,2.9,53,132,.215,.230,.257,.241,.369,.355,.273,.258,2,.256,.154,40.2,87.8,91.5,18,138,30.4,4.3,2.9
"Vientos, Mark",205,205,100.0,46,41,27,7,5,1,0,1,14,30.4,5,10.9,32,104,.171,.187,.261,.286,.268,.329,.243,.280,2,.231,.098,30.8,91.6,91.9,11,143,40.7,7.4,4.3
"Martin, Richie",202,202,100.0,58,52,37,14,6,5,2,1,15,25.9,6,10.3,27,93,.269,.182,.345,.256,.500,.264,.362,.238,1,.361,.231,29.0,88.4,91.2,8,144,32.4,2.7,1.7
"Rooker, Brent",201,201,100.0,55,48,32,5,3,2,0,0,16,29.1,6,10.9,35,101,.104,.183,.218,.274,.146,.306,.182,.264,1,.156,.042,34.7,88.0,91.9,13,147,34.4,3.1,1.8
"Bernard, Wynton",201,201,100.0,51,50,38,13,12,1,0,0,12,23.5,1,2.0,31,113,.260,.236,.275,.236,.280,.279,.246,.226,0,.342,.020,27.4,83.8,90.4,-5,116,23.7,0.0,0.0
"Astudillo, Willians",197,197,100.0,71,68,65,17,15,1,0,1,3,4.2,1,1.4,19,127,.250,.265,.282,.279,.309,.315,.264,.265,0,.250,.059,15.0,83.4,90.9,15,141,20.0,0.0,0.0
"Knapp, Andrew",195,195,100.0,56,47,35,5,4,1,0,0,13,23.2,7,12.5,28,99,.106,.185,.232,.293,.128,.247,.185,.254,0,.143,.021,28.3,84.6,90.2,17,149,20.0,0.0,0.0
"Henry, Payton",193,193,100.0,53,44,31,9,9,0,0,0,13,24.5,6,11.3,26,87,.205,.187,.340,.350,.205,.203,.269,.279,1,.290,.000,29.9,83.2,90.1,-3,116,19.4,3.2,1.9
"Wallach, Chad",190,190,100.0,49,43,32,6,3,1,0,2,12,24.5,5,10.2,27,90,.140,.243,.229,.321,.302,.438,.240,.332,2,.138,.163,30.0,86.2,91.2,16,150,31.3,6.3,4.1
"Ellis, Drew",190,190,100.0,46,41,23,6,4,1,0,1,18,39.1,5,10.9,28,91,.146,.178,.239,.226,.244,.228,.224,.205,3,.227,.098,30.8,89.1,91.6,23,164,34.8,13.0,6.5
"Brennan, Will",188,188,100.0,59,57,47,19,15,2,1,1,10,16.9,1,1.7,33,121,.333,.258,.356,.286,.456,.368,.354,.287,2,.391,.123,27.3,89.4,91.0,7,161,34.0,4.3,3.4
"Baty, Brett",185,185,100.0,51,46,34,9,7,0,0,2,12,23.5,3,5.9,21,87,.196,.287,.260,.339,.326,.414,.262,.332,2,.219,.130,24.1,91.0,91.8,11,148,35.3,5.9,3.9
"Florial, Estevan",185,185,100.0,47,40,22,3,3,0,0,0,18,38.3,6,12.8,40,85,.075,.149,.213,.246,.075,.256,.160,.235,1,.136,.000,47.1,82.2,90.6,15,129,22.7,4.5,2.1
"Haseley, Adam",168,168,100.0,47,42,31,9,8,1,0,0,12,25.5,4,8.5,26,89,.214,.219,.283,.316,.238,.254,.241,.266,0,.300,.024,29.2,83.8,90.1,-5,131,25.8,0.0,0.0
"Tovar, Ezequiel",166,166,100.0,55,53,43,18,11,3,0,4,10,18.2,2,3.6,29,108,.340,.249,.364,.292,.623,.390,.421,.300,5,.359,.283,26.9,90.0,91.8,10,150,32.6,11.6,9.1
"Lewis, Royce",165,165,100.0,49,48,40,13,7,4,0,2,8,16.3,1,2.0,18,90,.271,.274,.286,.292,.479,.445,.328,.319,2,.289,.208,20.0,90.5,91.9,15,147,37.5,5.0,4.1
"Alvarez, Eddy",164,164,100.0,57,51,38,13,9,1,0,3,15,26.3,3,5.3,26,88,.255,.191,.304,.188,.451,.220,.325,.179,1,.294,.196,29.5,87.5,91.2,13,167,21.1,2.6,1.8
"Diaz, Jordan",164,164,100.0,53,51,44,13,10,3,0,0,7,13.2,2,3.8,21,105,.255,.208,.283,.239,.314,.273,.264,.229,0,.295,.059,20.0,86.9,90.3,-5,115,29.5,0.0,0.0
"Almonte, Abraham",160,160,100.0,40,37,24,9,6,2,0,1,13,32.5,2,5.0,17,61,.243,.184,.300,.229,.378,.295,.300,.234,1,.348,.135,27.9,88.1,92.4,15,165,29.2,4.2,2.5
"Fox, Lucius",156,156,100.0,46,42,31,6,3,2,0,1,13,28.3,1,2.2,29,84,.143,.156,.182,.188,.262,.211,.197,.182,1,.179,.119,34.5,79.1,90.8,-8,92,25.8,3.2,2.2
"Padlo, Kevin",153,153,100.0,44,42,28,5,4,1,0,0,14,31.8,2,4.5,29,82,.119,.160,.159,.185,.143,.206,.140,.174,0,.179,.024,35.4,90.4,92.0,17,156,35.7,0.0,0.0
